"id","name","bat_side","side","avg_batter_y_position","avg_batter_x_position","avg_foot_sep","avg_stance_angle","avg_intercept_y_vs_batter","avg_intercept_y_vs_plate"
646240,"Devers, Rafael","L","L",22.474864996818415,25.92262103714761,31.57473754682437,-64.6043430446665,28.54608446825633,6.071219471437913
682985,"Greene, Riley","L","L",29.87621971239875,24.652797116024733,28.03444553506296,-8.313538628189155,32.03076309095906,2.154543378560306
621566,"Olson, Matt","L","L",31.158577819461257,30.52909491143871,31.275590533291858,-10.440481795890669,32.50671443641314,1.3481366169518951
691718,"Crow-Armstrong, Pete","L","L",30.248640860108182,26.618154812701015,33.7185206717124,-2.382695575263178,36.18669356106076,5.938052700952581
677594,"Rodríguez, Julio","R","R",20.3317842090747,29.705195771201883,31.25996156705673,0.9611987717910305,32.288754143514296,11.95696993443958
592518,"Machado, Manny","R","R",24.668741287317474,31.086610302750366,31.096530906003018,-41.16430826559543,30.81049903452873,6.1417577472112574
596115,"Story, Trevor","R","R",25.700770144519737,29.912583101465568,36.06934256346561,-26.005338022634668,35.36004415548897,9.659274010969256
572233,"Walker, Christian","R","R",28.610879775980656,26.295575616510767,24.988014447256095,-16.316231164513734,31.447010492055156,2.836130716074497
553993,"Suárez, Eugenio","R","R",18.29803545217391,23.07972821551156,23.023760764414135,-23.533185708103968,35.65544708141939,17.357411629245505
521692,"Perez, Salvador","R","R",29.5712904498446,27.29221372285295,32.717376236233775,-20.39173661143279,30.421032136984977,0.8497416871403711
642715,"Adames, Willy","R","R",29.106121460433663,28.93962035442951,33.10252279366315,-2.608996679345842,31.552911222543653,2.4467897621099906
660271,"Ohtani, Shohei","L","L",28.985436377625668,31.931798658016543,36.73265894477759,-9.431626335046655,27.595199829033728,-1.390236548591936
656941,"Schwarber, Kyle","L","L",21.072391272586664,25.299059756177815,29.790812044627717,-8.381406644117058,33.42247019586004,12.350078923273381
621020,"Swanson, Dansby","R","R",30.462505402693175,27.563863770665204,24.189655787540648,-12.497783234517463,32.3863174494602,1.9238120467670232
667670,"Rooker, Brent","R","R",31.38413223639774,27.216434356785108,27.786424804371972,-16.687117903738166,32.80560420648967,1.421471970091913
624413,"Alonso, Pete","R","R",24.397816569211887,27.14281370792842,30.463362070933417,2.6905218395951076,28.263390918913128,3.865574349701243
592206,"Castellanos, Nick","R","R",29.801627780353318,29.03611660351782,27.295787130411394,-19.502220477942675,30.78591308719842,0.9842853068451074
671218,"Ramos, Heliot","R","R",24.939869809933676,27.63509213583179,29.718470302526224,-5.1136294588121824,27.579312711462663,2.6394429015289806
681624,"Pages, Andy","R","R",31.571935401991798,29.81032383078719,17.260001159099115,-16.880784532170843,31.281684448975554,-0.2902509530162373
641355,"Bellinger, Cody","L","L",32.717149303658296,21.03212304600008,25.156266720817452,-13.223871699822606,30.08291898461286,-2.6342303190454386
677951,"Witt Jr., Bobby","R","R",27.4586412907125,25.22649204350365,32.54010304372047,-17.03298451692373,27.798591953654796,0.3399506629422963
678882,"Rafaela, Ceddanne","R","R",30.49056792069948,26.782601397792256,23.3715896990251,-19.0459482261656,33.51967177225217,3.0291038515527013
518692,"Freeman, Freddie","L","L",29.147584754584866,30.3834684143677,32.86724713806153,0.5189528580608024,26.993048239701775,-2.1545365148831026
668227,"Arozarena, Randy","R","R",22.57866485908006,24.21268542124735,18.921886901005465,3.1752945290816337,31.23593330453899,8.657268445458916
680776,"Duran, Jarren","L","L",28.54725140046869,30.500117753568375,24.036921281363778,-1.7865508168103126,31.711843136756034,3.164591736287339
686469,"Pasquantino, Vinnie","L","L",28.61871810985254,31.150249923802722,39.38038783320328,-21.929455623855993,32.09008888202685,3.4713707721743
691406,"Caminero, Junior","R","R",28.23679998976382,28.636935332181455,26.865912289670113,-34.62044369070067,35.92782052530549,7.691020535541662
682998,"Carroll, Corbin","L","L",30.662640891007836,29.91106558614071,25.803038003433944,-2.7332803967956494,36.640633145002695,5.977992253994856
668930,"Turang, Brice","L","L",30.597524236436143,26.81307979797676,26.01713697390752,-5.754753552138294,31.8474053861486,1.249881149712469
671739,"Harris II, Michael","L","L",31.006390671284482,28.526958167712518,20.551760612291016,-18.004595611875416,30.786742096625947,-0.21964857465852944
641487,"Crawford, J.P.","L","L",34.92258681308943,27.636427542271203,30.03979699033881,-29.373077114741488,36.60849635659762,1.6859095435081803
607208,"Turner, Trea","R","R",28.879394501781032,28.788701673313344,38.294901820455586,0.7206958376783252,29.33639893153884,0.4570044297578024
607043,"Nimmo, Brandon","L","L",28.26246512340836,31.48681166087718,25.3401542650291,-10.608802984349339,26.883388902610633,-1.3790762207977232
661388,"Contreras, William","R","R",28.540863058923392,27.95898782692904,30.04506215394045,5.169215823611726,30.208974537219877,1.6681114782964943
592885,"Yelich, Christian","L","L",27.755401750596146,29.9123471086608,32.757573749858445,0.9164511453709688,26.732612349748898,-1.0227894008472458
664040,"Lowe, Brandon","L","L",27.046270606855394,26.609439933688257,21.345255343912175,-3.0901769246587816,34.09797134482241,7.051700737967022
683002,"Henderson, Gunnar","L","L",26.66754126076994,25.816405320983904,31.049117573575572,-4.03828925254668,33.41835339001458,6.75081212924464
671732,"Butler, Lawrence","L","L",25.894135567710176,31.233727789957346,34.114516945871316,3.8669340575143742,28.828008041777494,2.933872474067319
679529,"Torkelson, Spencer","R","R",32.94405804309665,27.97822733840873,25.904277615071866,-17.339283813770223,30.68304821955189,-2.261009823544776
666182,"Bichette, Bo","R","R",27.366350478735974,25.0993177612157,33.76021066768393,2.4596655917326453,24.542980547030684,-2.823369931705295
682928,"Abrams, CJ","L","L",27.835222635617306,30.03325299345148,31.925725783490222,-3.7455253929743764,31.69524479784662,3.8600221622293165
663993,"Lowe, Nathaniel","L","L",26.28714598471269,29.976735819516804,32.98701670455947,-13.2296558225661,27.40149592293537,1.114349938222685
665487,"Tatis Jr., Fernando","R","R",26.262590514659344,28.96148895979504,24.609482745924197,-38.00667821728952,29.8693832342208,3.606792719561458
696100,"Goodman, Hunter","R","R",28.678585772690273,29.52527603927106,19.50669426071981,-19.64499985597598,38.77161917374245,10.093033401052166
695578,"Wood, James","L","L",30.969662434838785,30.133122591809357,28.001855423556606,-20.828725585002953,32.67824399080476,1.7085815559659778
547180,"Harper, Bryce","L","L",23.55895645995716,29.460070719572844,32.857641389957784,-16.3290333013044,33.19569535334528,9.63673889338813
666176,"Adell, Jo","R","R",26.084040827644387,28.094988596885646,38.15131245891476,-11.564060062829405,26.147007207224817,0.0629663795804308
650333,"Arraez, Luis","L","L",34.31262537479633,26.019936146158308,27.823414524007855,-25.769790552687606,31.48458970721108,-2.8280356675852505
592450,"Judge, Aaron","R","R",26.238280036372384,33.09666937729869,29.897402749925675,-5.541759449449395,30.55469974686863,4.316419710496247
641857,"McMahon, Ryan","L","L",24.003716552332662,32.03037079180328,42.67652574487007,0.2910776341390994,26.763090825845104,2.7593742735124356
666969,"García, Adolis","R","R",29.04954147192146,25.173342886382752,29.178020854785682,-16.666002261442102,31.312710860196418,2.263169388274959
694192,"Chourio, Jackson","R","R",24.74465257629376,30.415434926582137,40.252962431253295,1.5205974662649444,27.9517754323552,3.2071228560614378
702616,"Holliday, Jackson","L","L",25.861615602198782,27.564199662947093,24.72741485060181,-5.139562360838109,26.17659635944881,0.3149807572500298
673548,"Suzuki, Seiya","R","R",28.015625624251847,27.831184346335448,29.480800094299777,-4.510852630413838,34.521871716779806,6.506246092527962
663538,"Hoerner, Nico","R","R",29.755036201243716,27.563434194157754,28.879442407913707,-12.372045756111488,27.124674941061976,-2.6303612601817283
668715,"Steer, Spencer","R","R",29.04075955815314,25.626031295355475,34.798348065324205,-5.411414527968829,32.727444858270985,3.686685300117862
673237,"Diaz, Yainer","R","R",29.07505260972378,28.29610692459826,32.518713897195944,-1.458775475958361,32.410692096352456,3.3356394866286845
650490,"Díaz, Yandy","R","R",29.340035890577028,28.665182920901312,28.700613278708246,-29.573898241738448,29.90152617451173,0.561490283934702
683011,"Volpe, Anthony","R","R",28.66808613849478,29.201607080443285,26.932280419607274,3.876581103391703,25.01435277011619,-3.6537333683785835
514888,"Altuve, Jose","R","R",12.835284157711104,30.140000543993597,29.00969270877639,-19.52860799302407,30.10309380846272,17.26780965075162
680757,"Kwan, Steven","L","L",22.843090020264956,22.666924784528803,7.057485784640884,-16.366072311310845,29.79413493138488,6.95104491111992
691016,"Soderstrom, Tyler","L","L",28.7900324995533,31.46359613882218,33.12543424389739,-6.327785160692247,28.002545292937494,-0.7874872066157987
650402,"Torres, Gleyber","R","R",32.53485634897741,26.39517891889186,27.079689204731505,-32.42372819877997,30.340365590244474,-2.1944907587329405
683737,"Busch, Michael","L","L",30.976191564234636,26.491511118705393,31.414776582042435,0.4750087684205787,32.51814167063959,1.5419501064049472
678246,"Vargas, Miguel","R","R",30.588444424348474,28.067495654092316,28.699624669158446,-6.306910953223204,35.31319811280426,4.724753688455785
606192,"Hernández, Teoscar","R","R",30.733034242244635,29.887693330099456,27.493846382352572,-6.902163480762371,30.465091104296082,-0.26794313794854446
687597,"Beck, Jordan","R","R",17.651456159266406,29.47327953151512,31.654580060717688,-1.6959497901982743,27.62860030577603,9.97714414650963
682663,"Ramírez, Agustín","R","R",28.26196183147211,30.15480855084501,37.384032815346536,-16.235003138821668,30.34310475296744,2.081142921495337
621439,"Buxton, Byron","R","R",23.5645448775555,27.764556111202417,28.807564347007553,1.491477564319649,28.2401009541207,4.675556076565207
592663,"Realmuto, J.T.","R","R",31.46159234588772,27.4533394178903,26.204882994900206,-19.84006273359245,28.55238752714939,-2.909204818738329
647304,"Naylor, Josh","L","L",25.402862591007423,26.58322079323627,44.0193093238696,-4.489691320916456,25.30494898761085,-0.09791360339656983
672820,"Sosa, Lenyn","R","R",30.357342440857238,27.5184197077841,30.59869841326892,-7.896060639095106,32.720606300704105,2.36326385984688
687263,"Neto, Zach","R","R",18.396315015753824,21.574114493487063,39.79425753211781,-4.2654289007208925,36.30643605186694,17.91012103611313
663656,"Tucker, Kyle","L","L",27.85569555373153,30.200251897809984,36.31679448446596,-1.748123435680483,28.369481380768484,0.5137858270369532
666971,"Gurriel Jr., Lourdes","R","R",28.76530627137782,26.06059986537395,24.78712272087778,-14.765509403972034,31.10328687451302,2.3379806031351893
575929,"Contreras, Willson","R","R",22.615705707283837,30.312338760464566,25.488936566681737,-7.461651094180409,27.943322231996657,5.3276165247128215
665742,"Soto, Juan","L","L",24.855295862914566,30.251495597478932,41.948041123245694,-9.98783034184335,23.222419577743853,-1.6328762851707148
543807,"Springer, George","R","R",26.981757006264402,27.178511207519836,28.752809267434355,-6.607306068144747,22.325864039209925,-4.655892967054473
621043,"Correa, Carlos","R","R",25.759084728604773,28.79055732913448,36.76192266907544,-1.1826418594799653,28.455677919123133,2.6965931905183647
665489,"Guerrero Jr., Vladimir","R","R",27.839877281907246,28.98723298870009,27.903348353834648,-11.881130776601468,34.415938646415285,6.57606136450804
808982,"Lee, Jung Hoo","L","L",26.682784783039235,21.116963757884022,28.07448485583646,-42.74129595803177,30.209190672484485,3.5264058894452552
657757,"Sheets, Gavin","L","L",29.25310739721635,29.15615901760824,17.079307193158822,-35.66373867467271,34.1050383729819,4.851930975765559
542303,"Ozuna, Marcell","R","R",34.41506070281109,26.101641530061258,34.285987869379284,-26.5118045966513,32.40440092643428,-2.0106597763768232
669701,"Smith, Josh","L","L",31.76427598257892,27.104646890304476,22.00028230457658,-21.553473668999427,30.775074148614493,-0.9892018339644332
672356,"Arias, Gabriel","R","R",29.14403055512306,35.60733784624777,26.54731112692183,-4.39556610418646,34.410518262484615,5.266487707361552
694671,"Langford, Wyatt","R","R",28.844675187150283,27.372052875228945,29.610684479790006,-1.321913444042833,32.01583089822512,3.1711557110748343
656811,"O'Hearn, Ryan","L","L",26.051705787192585,29.257733465881543,25.383950800928996,-7.589784744967661,26.32118794802056,0.26948216082796833
621493,"Ward, Taylor","R","R",31.65932148209616,25.71715222563784,18.463783996636582,-43.36145225525231,33.457903797485244,1.7985823153890805
691026,"Winn, Masyn","R","R",33.57548813337285,23.06399959442486,16.21933996773642,-55.10758878529879,34.01385814064367,0.4383700072707899
502671,"Goldschmidt, Paul","R","R",25.89278115021669,34.04792800200249,35.942408872284474,-9.125057996293954,21.01906493723248,-4.87371621298421
672580,"Garcia, Maikel","R","R",30.507457718233773,25.94260613784594,35.21755065040373,2.998698135465005,33.93051821436662,3.4230604961328637
670770,"Friedl, TJ","L","L",32.284507730021325,24.36089637445006,29.703642060718117,-28.15772587636662,40.37208063778141,8.087572907760084
669127,"Langeliers, Shea","R","R",27.166398644325938,29.6705098691198,35.685137558272935,-17.571972410380184,33.66532601069831,6.498927366372352
457705,"McCutchen, Andrew","R","R",29.808843592091723,28.981477655030293,35.62606288597718,-1.902439591051363,24.897371726453013,-4.911471865638706
701358,"Smith, Cam","R","R",25.361945977064156,30.346725112388313,33.4602177842672,-9.814069273332025,29.394083260082297,4.032137283018136
680574,"McLain, Matt","R","R",28.094276599794288,27.05641732269301,27.618871292079607,-18.156688230851056,32.153920650486086,4.05964405069179
681082,"Stott, Bryson","L","L",26.6200586565468,23.709635993663568,38.007499029868704,-4.264079933925361,28.215997121131043,1.595938464584242
665862,"Chisholm Jr., Jazz","L","L",30.23551748771398,25.825647370959153,29.621587701483623,-4.3676517256485505,31.638608597203064,1.4030911094890781
671277,"García Jr., Luis","L","L",28.157791109589972,28.678959642864587,32.20370862256175,-10.931198729947514,33.38823141038212,5.230440300792153
672640,"Lopez, Otto","R","R",29.305282154620286,28.51782077507989,32.15688568665048,-0.09161578727047993,30.479175877749096,1.173893723128802
666139,"Lowe, Josh","L","L",24.507882346356514,30.874262502979118,34.15693896703117,-6.092125286986053,29.198790649905455,4.690908303548938
673962,"Jung, Josh","R","R",22.57092205779461,25.01283917565142,23.30171267635521,-5.1590684889411325,32.149417562867825,9.578495505073219
686217,"Frelick, Sal","L","L",30.920391210891438,27.366609162600565,25.571626588436096,-8.84114670146028,27.788175180053752,-3.132216030837683
605141,"Betts, Mookie","R","R",25.700730688827704,28.642898316671058,26.586156964637183,-15.741410321472392,33.19730262455145,7.496571935723746
543760,"Semien, Marcus","R","R",28.006150999723314,23.990789646548574,30.685916013154355,-2.128095005503838,30.493006130173477,2.4868551304501683
663728,"Raleigh, Cal","L","L",29.33225715063691,24.09279200023609,24.836492351056933,1.4886566161840933,34.51611179777582,5.1838546471389195
686668,"Doyle, Brenton","R","R",24.078952411815713,29.09176966023826,41.50354262727614,-7.688861144132292,26.037605271802732,1.958652859987022
656775,"Mullins, Cedric","L","L",31.76567552936179,24.147338130149052,29.575674705337587,-11.231407710864312,28.64935154324036,-3.1163239861214436
676391,"Clement, Ernie","R","R",22.62260755311959,28.265919430578375,31.558344369914114,-1.6848036031725995,31.139348205341992,8.516740652222408
545361,"Trout, Mike","R","R",29.941576706040227,25.30001234756704,28.48107737077616,-9.390110318140497,24.269598211874882,-5.67197849416535
664034,"France, Ty","R","R",28.35483313131073,26.483268358019735,31.690688884408075,-28.2232169687,27.52152167709177,-0.8333114542189566
668804,"Reynolds, Bryan","L","L",26.495074363619267,26.903471289041786,43.529270497605964,-5.784733168556887,28.220396091775648,1.7253217281563786
700932,"Manzardo, Kyle","L","L",22.72112659068529,31.399889338266807,36.15638593965612,-2.628278273220015,33.631589843798125,10.910463253112836
663616,"Larnach, Trevor","L","L",28.59709066296012,27.236869728535883,38.215385407050796,1.2350196309550199,34.254569902730935,5.657479239770815
701538,"Merrill, Jackson","L","L",24.61263755289271,28.722995163702002,24.00126019864691,0.3376747997605926,27.42838552639243,2.815747973499722
680718,"Barger, Addison","L","L",33.1970279227107,25.47178742344957,20.621326202551035,-53.725666102263624,31.528780737756314,-1.6682471849543923
573262,"Yastrzemski, Mike","L","L",29.047341378911778,24.682245666936502,23.574714684046874,-3.5811609218387743,30.28228424359562,1.2349428646838492
676475,"Burleson, Alec","L","L",33.982866528614856,23.41377616197696,18.37820366063216,-26.748953733617835,31.582742882202197,-2.400123646412656
672386,"Kirk, Alejandro","R","R",21.64216732450783,31.544532501466307,28.476047152920877,4.366656054862034,30.062752467916447,8.420585143408626
656716,"McKinstry, Zach","L","L",27.365093267842045,26.45161206712915,31.528552926469754,-1.9237497541595874,27.293121332667916,-0.07197193517412603
664056,"Bader, Harrison","R","R",27.14547933607261,27.17619643462175,19.781048423012837,-12.067941764526934,33.55214582930456,6.406666493231944
663697,"India, Jonathan","R","R",28.706098821465908,27.947673706899554,29.696759914253743,-11.592724139719392,30.675211632479694,1.9691128110137857
657656,"Laureano, Ramón","R","R",30.405645282864377,31.591877086188898,17.640822770580783,4.7507052414822795,32.778070417109575,2.3724251342452067
663647,"Hayes, Ke'Bryan","R","R",32.95026918938592,25.850927394011325,25.838345096105645,-16.924273559924245,34.5224609429553,1.5721917535693872
656305,"Chapman, Matt","R","R",28.38533746308423,29.81118849470134,26.862388305168675,-10.349002404094785,27.4435283709815,-0.9418090921027275
624424,"Conforto, Michael","L","L",27.1435209124039,28.26722539190896,31.0880291925542,-6.100245237874201,27.745126388650192,0.6016054762462918
660821,"Sánchez, Jesús","L","L",26.326256282612245,28.42052650929088,34.90123624605543,-10.343900778429125,35.02893739884834,8.702681116236123
681481,"Carpenter, Kerry","L","L",32.39884066892954,29.1078852614117,21.693252710256218,-10.124057351120166,25.74015737056792,-6.658683298361614
624428,"Frazier, Adam","L","L",21.11910792609284,22.08754674962072,37.96403958675268,1.3126853617124097,24.042431407949337,2.9233234818564946
694384,"Schanuel, Nolan","L","L",30.00445650353474,23.252882729647265,34.2030652788564,-0.18457868871544258,30.750247960041058,0.7457914565063295
669065,"Stowers, Kyle","L","L",29.60861437119733,29.310556791584723,34.977752288473205,-10.002425439597921,31.49500449047528,1.8863901192779542
665161,"Peña, Jeremy","R","R",30.18363093801783,26.22758012294659,33.71065383416836,-21.28890514563468,32.02896889808503,1.8453379600671924
665833,"Cruz, Oneil","L","L",27.828194893611432,26.723138139493674,40.61324968296184,-9.568990346374292,35.367731695288725,7.539536801677289
645277,"Albies, Ozzie","L","L",35.25220126607613,23.22029421174746,36.96533554023843,-36.94726086723971,36.87963143677834,1.6274301707022194
630105,"Cronenworth, Jake","L","L",33.40777987346617,28.303564302458923,26.470747321596782,3.263540168274663,30.607775306977597,-2.8000045664885684
663457,"Nootbaar, Lars","L","L",29.121148799097266,27.861521840116744,23.63332730785506,-20.216533577381902,34.74541616207217,5.624267362974915
669224,"Wells, Austin","L","L",30.772296024679427,23.643682090887673,26.96689643073595,-9.19799498021744,30.549483722278314,-0.22281230240111266
596019,"Lindor, Francisco","L","L",26.600932931098185,26.26427945505004,28.22016176722634,-8.384692197375465,28.50469391824008,1.903760987141889
681351,"O'Hoppe, Logan","R","R",27.544270363390496,28.64818029772024,33.030068221103505,-4.735782649474634,33.60420181011559,6.059931446725113
663757,"Grisham, Trent","L","L",33.30819154011998,31.00672799073505,22.080181681652164,-14.147563824851854,24.09441837293668,-9.213773167183298
666160,"Moniak, Mickey","L","L",25.77214032467492,30.78387959378883,31.892411053786056,-8.782381324879093,29.13159343549368,3.359453110818757
663586,"Riley, Austin","R","R",28.838573911422014,28.165670801381697,30.059718559478974,-10.416134996084947,35.58461162045766,6.746037709035644
665966,"Narváez, Carlos","R","R",25.038900128089264,29.202856399370297,26.097603059800615,-21.73916762432168,30.643198737832403,5.604298609743142
668901,"Vientos, Mark","R","R",26.61667581841083,28.766284419607533,26.574169149720515,-6.161898145040906,28.13166791950422,1.5149921010933984
643446,"McNeil, Jeff","L","L",30.85904741000371,24.840482699991714,32.21169769227843,-3.285238024289401,29.943452170398665,-0.9155952396050531
596146,"Kepler, Max","L","L",32.40807439666062,30.113633281720844,34.775709656577234,-24.492474253937942,32.52021179142137,0.11213739476076634
676572,"Wagaman, Eric","R","R",25.105128353775775,28.13747382103788,28.60048322346401,-3.0831158977499786,32.3302281410752,7.225099787299427
666158,"Lux, Gavin","L","L",33.26724487239679,26.494061280286164,31.514093340642226,-7.329200387003695,32.09938079032473,-1.1678640820720771
686948,"Baldwin, Drake","L","L",26.57317315684882,28.216126811229802,32.336511926336414,-10.876095033863024,28.71950172133978,2.146328564490961
527038,"Flores, Wilmer","R","R",27.685613389206804,25.257294474623286,42.754955694177575,-7.568349462910182,31.382986736516457,3.6973733473096515
700250,"Rice, Ben","L","L",30.847992976850605,28.50480558702399,33.51905288083372,-28.929194036289395,28.471871276297822,-2.376121700552786
693307,"Dingler, Dillon","R","R",25.6224252109902,28.35203661687062,38.55175985964609,-12.099675286259743,27.778055840875922,2.15563062988572
608070,"Ramírez, José","L","L",30.4307381944894,21.780873370014998,26.584052849668918,-14.553526560969113,32.722347709877134,2.291609515387722
678662,"Tovar, Ezequiel","R","R",28.334090079564657,23.868547516584577,35.16670123114275,1.0581355231014915,29.120274341551276,0.7861842619866274
664761,"Bohm, Alec","R","R",25.706436136354064,29.67344053738828,37.99278131536729,-8.981106338765827,26.611970824847297,0.9055346884932329
677950,"Thomas, Alek","L","L",20.509436470069296,26.981606873373916,17.084399665746158,-26.082045252753,33.459887373842065,12.950450903772774
643217,"Benintendi, Andrew","L","L",30.880119516124555,22.412387399372452,22.860519842732007,-22.306828508207715,35.24690833966417,4.366788823539619
687401,"Ortiz, Joey","R","R",31.947208502540246,28.208363361172847,28.899582129366525,-9.567681176667792,29.09177901946794,-2.8554294830723004
664023,"Happ, Ian","L","L",31.588823690547017,26.11382118229293,26.045803169471395,-3.729355542528112,33.9329868768114,2.344163186264378
677800,"Abreu, Wilyer","L","L",29.825558752527147,26.57034079922222,30.566231775992364,-24.792669280696664,31.36633581598541,1.5407770634582736
595879,"Báez, Javier","R","R",19.59803332417594,28.714867981396306,31.00670234681342,-10.956946868623334,29.78321962480754,10.185186300631596
593428,"Bogaerts, Xander","R","R",19.703259778146542,29.095198074716812,29.747147657828332,-6.149781994078854,34.75441617951201,15.051156401365459
682829,"De La Cruz, Elly","L","L",28.758181413660903,29.895952124108575,30.820078439487595,-28.910744504621675,37.21147938946028,8.453297975799389
650859,"Rengifo, Luis","L","L",18.716321181310867,26.206997919920315,29.29316189920906,-17.35551093165533,26.2864877223116,7.570166541000724
666018,"Aranda, Jonathan","L","L",27.232112682489323,29.273606686229677,31.250422441048595,-16.761244912562958,27.322467167381827,0.0903544848924921
608369,"Seager, Corey","L","L",26.48919703432885,29.05421121083488,30.194531587853632,-19.453759163911077,31.98974199834862,5.5005449640197694
690993,"Keith, Colt","L","L",22.79209010827282,28.708330077458985,32.27328050890823,-8.700075385574609,31.49371198187191,8.701621873599093
680977,"Donovan, Brendan","L","L",26.40596676896548,28.4848881140967,36.36795566623153,-7.608950548359882,24.88597302523922,-1.519993743726261
673357,"Robert Jr., Luis","R","R",31.28882724956889,27.195697144361745,32.707113392743274,-19.7878526275709,30.48367470064927,-0.8051525489196156
805779,"Wilson, Jacob","R","R",28.54904772116285,25.669903014967236,28.70592901144806,-31.75312450326932,30.588051229047075,2.0390035078842144
701762,"Kurtz, Nick","L","L",23.43214969363939,27.741253815479016,32.86114118984442,-10.542831306713166,24.753803551682182,1.3216538580427906
669720,"Hays, Austin","R","R",12.546813618395301,28.6007552367805,26.027456278680162,-6.57074480211156,35.781250607614446,23.234436989219137
672695,"Perdomo, Geraldo","L","L",17.211090045821873,25.47552798985059,41.51528044397282,-9.216763303876592,24.09282398136688,6.881733935545002
683146,"Baty, Brett","L","L",30.040455213294265,30.264337954601505,25.91435818689529,-8.092134264609106,26.65933238012651,-3.3811228331677547
683734,"Vaughn, Andrew","R","R",31.641726669780887,29.095871281089337,33.17823955052519,-1.6929921018739114,29.49582176576161,-2.1459049040192695
807713,"Shaw, Matt","R","R",29.697855760147856,28.24319258207876,19.108644560323253,-15.884136800943379,31.589819522942822,1.8919637627949668
660670,"Acuña Jr., Ronald","R","R",31.270136391804524,25.480626678605617,32.984480971739394,-14.147041376774023,30.199998845873605,-1.0701375459309217
608324,"Bregman, Alex","R","R",28.660725447171988,24.777290238904833,30.243558988378258,5.377892879088573,31.805366229482146,3.1446407823101628
666310,"Naylor, Bo","L","L",27.202301614717854,31.185444364403626,31.48421222895752,-18.796117709419143,35.20481568219238,8.002514067474525
702332,"Durbin, Caleb","R","R",32.36441968312631,27.164322631278758,27.555586871657386,-19.78589855807013,27.839218941923875,-4.52520074120244
664770,"Lukes, Nathan","L","L",26.82791115337036,30.67172871033181,28.375131477805418,2.6806207859715245,26.244920241578836,-0.5829909117915256
571448,"Arenado, Nolan","R","R",31.968060264240133,29.30931834158839,31.112206496070968,-3.8612348147680366,34.92106247616133,2.953002211921194
693304,"Gonzales, Nick","R","R",31.868659714021387,26.946870517912807,25.19466204964706,-18.86680687399139,29.958125520403588,-1.9105341936177984
671056,"Herrera, Iván","R","R",31.871211708510927,27.455339550214394,33.01293926358669,-46.19735578568462,31.503344338412955,-0.36786737009797305
805367,"Meidroth, Chase","R","R",31.592660338037675,28.231522443556994,30.42084661930267,-19.296053977479247,29.14643693899118,-2.4462233990464988
666134,"Jones, Nolan","L","L",27.083962384629984,27.327724313531178,29.806634883591627,-6.194475178997948,32.7072382872976,5.623275902667617
669357,"Gorman, Nolan","L","L",31.152988252248615,30.398013541496557,27.923202588871767,-10.832663719583834,33.089323356457705,1.9363351042091037
670242,"Wallner, Matt","L","L",26.76470001789019,31.355995478505466,30.066287817843023,-46.26511101200452,37.333706084231785,10.569006066341611
663624,"Mountcastle, Ryan","R","R",25.58447031535735,31.116298606319315,35.4066088717315,4.5452517847966165,27.594325650667418,2.009855335310069
669016,"Marsh, Brandon","L","L",27.83379768233486,29.380383482360696,35.913558070899086,-6.394535093196308,27.491365391995174,-0.34243229033968386
643396,"Kiner-Falefa, Isiah","R","R",29.536892084522798,27.796076567088726,26.847760034984717,-26.575141788595328,28.843201089524843,-0.6936909949979437
691023,"Walker, Jordan","R","R",23.796235867393637,31.757730041018498,28.70160134257354,-16.81498263422749,30.06573997023947,6.269504102845828
668904,"Lewis, Royce","R","R",24.57075905049238,26.489809009927544,28.706243426389413,-7.819534141399082,28.56211776552811,3.9913587150357213
686780,"Pagés, Pedro","R","R",27.144136357338763,28.85287375766288,30.053833261828828,-5.342588159064234,36.01982927924383,8.875692921905076
687462,"Horwitz, Spencer","L","L",29.426321256428402,25.22851119330176,25.63420451218777,-11.312036804550246,30.028268858084402,0.6019476016559994
605137,"Bell, Josh","L","L",28.731253853428814,28.728980052757137,31.424552948927737,-11.562349397872888,27.745104783893407,-0.9861490695354009
682177,"Schneemann, Daniel","L","L",29.02105916882145,26.0947119442013,29.865076840118558,-8.687264605549748,33.80604585607629,4.784986687254836
608348,"Kelly, Carson","R","R",29.92319960676564,29.576360668080955,24.174796261587133,0.7118394995961,30.941426300620748,1.0182266938551094
643565,"Tauchman, Mike","L","L",33.4156741852709,29.630141010409766,23.45183148971267,-10.780489104950094,30.432035769168376,-2.983638416102518
669257,"Smith, Will","R","R",32.91859266016374,28.985881003910304,16.40856333105976,-22.744480477793662,31.26213399730989,-1.6564586628538505
687363,"Scott II, Victor","L","L",23.449514995398246,24.0829659744687,20.06289587534705,-47.633159823896165,31.768835094372978,8.319320098974734
670623,"Paredes, Isaac","R","R",30.86723797727982,25.83486971045713,30.012111873499823,-36.71845983941333,37.82379265729072,6.956554680010887
665019,"Clemens, Kody","L","L",31.978037921587383,27.58092463327158,31.10781732736897,-33.32341876521266,33.427205108302964,1.449167186715575
669394,"Burger, Jake","R","R",23.68821053855086,31.767621459423093,23.30510841578886,-2.701040593602953,31.55486216368344,7.866651625132585
665926,"Giménez, Andrés","L","L",26.96116229224,29.342345659402365,32.7125544608537,-9.538177114959725,29.187192240746544,2.2260299485065493
671289,"Freeman, Tyler","R","R",30.482351141474673,28.389263928512076,29.622744082316736,-18.380321741157616,29.57179063179819,-0.9105605096764763
669397,"Allen, Nick","R","R",27.301383619599243,27.06412555158528,29.190928135160988,-9.236055434884463,32.103877256655075,4.802493637055838
502054,"Pham, Tommy","R","R",31.43017612554663,28.458180314978744,37.721257274307796,-5.25708381579805,32.670872816933304,1.240696691386669
602104,"Urías, Ramón","R","R",29.60285438612412,28.409920355732694,29.496822482696146,-17.833336314693657,29.269721076087045,-0.3331333100370733
680777,"Jeffers, Ryan","R","R",28.250531518325843,27.333555054758698,36.171700164494055,-7.486610926253879,29.14202496796265,0.8914934496368112
666023,"Fermin, Freddy","R","R",29.086512817818928,27.603203898232263,31.07024316402195,-3.510431756619358,28.742121604392196,-0.34439121342673207
643289,"Dubón, Mauricio","R","R",26.2014644733314,28.3205770715836,36.459581739091725,-18.3331843013624,26.86956128196724,0.668096808635842
669364,"Edwards, Xavier","L","L",20.71897528642928,24.458100081537165,29.37148774783395,-10.592567298179942,27.687748869717296,6.968773583288007
802415,"Simpson, Chandler","L","L",27.213888227775968,31.991942725719287,32.35305608436582,-9.871857297089047,20.966234024300903,-6.247654203475065
593871,"Polanco, Jorge","L","L",26.733312366079033,28.583682055112337,32.78314018627496,-3.708766915066636,31.589184051098048,4.855871685019014
650489,"Castro, Willi","L","L",31.91751987581147,23.1205416483227,26.030751919947544,-5.641413213457981,29.566225983694427,-2.3512938921170417
571970,"Muncy, Max","L","L",26.96724331281649,28.258625493186805,22.526098982696492,-2.51104952549343,37.66388471039375,10.69664139757727
669477,"Schmitt, Casey","R","R",29.34522796671553,23.53795004531952,25.395862313040983,2.340894265324931,32.64532890869836,3.300100941982821
695734,"Lile, Daylen","L","L",28.969488463296436,25.779334203639046,24.44224250928501,-13.551479218662925,26.532425211130793,-2.437063252165636
686797,"Lee, Brooks","L","L",26.94533228344404,27.22053410219747,33.93085392617135,-0.9146015672512342,28.977092066927078,2.03175978348304
663853,"Gonzalez, Romy","R","R",28.289141266613907,28.45785278510095,28.4426189535615,-14.856923187292201,26.29502081828638,-1.994120448327524
669707,"Triolo, Jared","R","R",29.444447155043402,26.933141036055666,34.71925145984144,-1.9581660404858674,28.232899769129332,-1.2115473859140697
681393,"Norby, Connor","R","R",26.720077975259507,26.058585783539165,34.92293502614233,-9.43033750265389,32.27818561244717,5.55810763718766
682622,"Marte, Noelvi","R","R",26.975682643532895,27.46172690576291,27.70171026806921,-20.96031082147175,34.64126916010223,7.665586516569347
609280,"Andujar, Miguel","R","R",28.224071915515655,30.70367393297575,25.403713639487044,-0.10288216642367398,32.759097993489256,4.5350260779736
669221,"Murphy, Sean","R","R",29.8756918008843,30.97861205446673,30.190219309493276,-18.603855741251856,30.705832111946215,0.8301403110619112
606466,"Marte, Ketel","L","L",30.09014684727331,21.848006603028686,19.40396022662527,-15.014074195136569,36.725784324408416,6.635637477135112
691176,"Domínguez, Jasson","L","L",27.518933781220582,23.566473568166643,19.344566607082157,-21.230263923837025,30.582288938876786,3.063355157656203
676609,"Caballero, José","R","R",20.985728265357974,23.850348987874085,28.7350218169467,-27.55860004849339,34.24136624236073,13.255637977002767
676059,"Westburg, Jordan","R","R",23.583734318807014,32.359264463448284,29.023828152878522,-9.599318912702254,31.15037275519896,7.566638436391935
682657,"Martínez, Angel","L","L",30.673925253340165,25.20716230261917,35.79069044635902,-22.456364635783753,36.411787879885125,5.737862626544947
666624,"Morel, Christopher","R","R",27.442656693779014,26.37997579984831,24.2049095612211,-20.089208591658846,34.4555858022055,7.01292910842649
572191,"Taylor, Michael A.","R","R",22.47823317760304,30.891440323726158,33.34452205628275,0.08404894378785621,30.18683136454661,7.708598186943567
681297,"Cowser, Colton","L","L",27.582747200135323,28.28420079022947,32.250692449078436,-4.017438908322699,36.28285301137945,8.70010581124411
663968,"Mangum, Jake","L","L",26.5426509257116,28.691261780244137,22.75293380455929,0.3723004968624802,19.14814296931405,-7.39450795639756
672275,"Bailey, Patrick","L","L",27.704060258929097,28.827229362832522,31.002103357165907,-11.004469552126986,30.859949820845884,3.1558895619168013
516782,"Marte, Starling","R","R",18.526246755023255,28.593851271823315,38.86896700559458,0.12550047118196864,23.9766281237048,5.450381368681547
664728,"Isbel, Kyle","L","L",28.32809441173057,26.129401891445973,23.336824681713136,-12.43554227110147,31.146632201895816,2.818537790165242
467793,"Santana, Carlos","L","L",26.65242485984414,26.75355164044354,23.741310629675905,-25.031897954316108,34.697681330285945,8.04525647044181
700242,"Sweeney, Trey","L","L",27.606893375766404,26.868086930859043,23.67808598081207,-20.085493727211,34.09266599822811,6.485772622461698
621438,"Taylor, Tyrone","R","R",26.695856422560656,25.53125723862316,26.458660646606095,-16.67971379881049,30.80407257055662,4.108216147995983
663886,"Stephenson, Tyler","R","R",27.050478906275686,29.320101717535646,36.128976172764304,0.9837822568247324,29.20971465574174,2.1592357494660632
578428,"Iglesias, Jose","R","R",22.461337643233424,27.2881674030712,33.44837832810694,-18.161859420016565,24.812261313586358,2.350923670352937
676694,"Meyers, Jake","R","R",30.61304684387451,30.58346804805202,31.706492652026217,-2.3972679627718807,29.732040246073712,-0.8810065978007997
695336,"Saggese, Thomas","R","R",22.34411127285177,26.442793632172485,24.21548700495663,-4.693985429012451,27.222559800326355,4.878448527474572
672515,"Moreno, Gabriel","R","R",28.194083997527486,26.328778838728418,31.83100908061431,-12.368020279706263,33.379689907685695,5.185605910158203
668709,"Bleday, JJ","L","L",26.912683353968614,31.475951652922458,34.92338348861163,-11.440031373013674,31.999644528589766,5.086961174621152
624585,"Soler, Jorge","R","R",28.608753072419407,29.016495534443443,38.117474359287236,-19.12624240984516,28.17450853644991,-0.43424453596949797
680779,"Davis, Henry","R","R",32.376577836059404,27.67388529970676,35.676773159443876,-10.422405161910131,30.398867691643126,-1.9777101444162974
543309,"Higashioka, Kyle","R","R",30.373518812593666,23.7879178791927,28.942147639596854,3.6156516570240647,29.44201948878492,-0.9314993238087499
810938,"Williamson, Ben","R","R",27.757495827442636,28.60114311437713,21.71554100620025,-1.0688359878022997,25.478713041337382,-2.2787827861052565
656555,"Hoskins, Rhys","R","R",31.16125453172973,28.57258811884671,25.63741263037915,-6.460966713224168,32.500641056910716,1.3393865251809824
643376,"Jansen, Danny","R","R",22.8064455511211,30.23242108169031,41.83620081092554,-7.349782645809684,35.210644481683396,12.404198930562282
641680,"Heim, Jonah","L","L",29.357531183379223,30.657446813610342,24.675153501984312,-16.075216626991946,29.270836121289285,-0.08669506208993177
689414,"Hicks, Liam","L","L",27.412931022030605,26.262323091346847,24.540858417456747,-19.539527986089126,30.10077823166209,2.687847209631476
642133,"Tellez, Rowdy","L","L",27.465977142757193,25.950071360746577,30.16380304822535,-1.7207851223103423,35.26274781489522,7.796770672138014
669289,"Espinal, Santiago","R","R",36.64130353192501,25.82279638364575,21.445952204906582,-14.576230616411113,31.7421288174613,-4.8991747144637054
656180,"Adams, Riley","R","R",28.530582911825164,29.037886054229926,34.88687027851553,-12.723780464974581,30.644403429943964,2.1138205181188034
696285,"Young, Jacob","R","R",29.781191117641157,31.493070096597094,32.77801010462492,-9.23869472284219,26.20595099551343,-3.575240122127717
691781,"House, Brady","R","R",22.40819247172145,27.21146614325867,32.65906483359812,-4.655785531517723,26.67142035045776,4.263227878736307
695657,"Montgomery, Colson","L","L",32.241758789795476,28.11649595653569,25.385186300607348,-11.9973548553547,34.85754092018735,2.6157821303918536
681460,"Baldwin, Brooks","L","L",28.229216128852563,30.2667969109402,32.77150566550831,-0.5013756527934847,29.543583789197992,1.3143676603454295
605170,"Caratini, Victor","L","L",30.21185035434237,24.027711462059994,24.96514145014914,-21.843975575076925,37.64926292951752,7.437412575175157
649966,"Urías, Luis","R","R",29.60720633845727,25.9435367251062,26.62826864864352,-15.41944178417093,29.70887385961145,0.10166752115417688
672761,"Pérez, Wenceel","L","L",24.500213476657088,24.617617324452247,33.60690042618059,2.086472002897204,28.53788447062325,4.037670993966165
686681,"Massey, Michael","L","L",27.063604220769435,27.061773624362296,30.454491481309915,-4.8131130924603704,32.31252472244154,5.248920501672093
691019,"Teel, Kyle","L","L",30.25587199987957,28.408768446314166,33.19057694017983,-15.596544456942995,28.974273104293076,-1.2815988955865056
686611,"Crews, Dylan","R","R",29.916504919599205,26.246084907038572,29.392121147734105,-15.038248142124546,30.446990304762707,0.5304853851634991
592626,"Pederson, Joc","L","L",30.85385492711333,24.617824344745966,23.57776149569139,-14.108247241871652,29.746465612014088,-1.1073893150992367
553869,"Díaz, Elias","R","R",26.586479268714616,26.595238269733215,30.978295658357418,-21.99375596055184,38.256888116298825,11.670408847584204
691594,"Sanoja, Javier","R","R",20.96664331953149,27.54496210374401,25.19503352138089,-27.059766847428627,27.391081720012064,6.424438400480581
624641,"Sosa, Edmundo","R","R",28.40332760591744,25.94793748451694,34.331298622224224,-8.13857595940677,29.224213363280466,0.8208857573630336
620443,"Torrens, Luis","R","R",27.283963081233228,29.942728608840575,33.17600814420377,-13.873095718437119,25.426743336669126,-1.8572197445641094
672724,"Peraza, Oswald","R","R",27.653238125115077,29.658096375855674,29.671619503347742,-10.86281437162219,29.50962814260348,1.8563900174883998
571657,"Farmer, Kyle","R","R",27.119587760754722,27.503925078955668,28.211944562076596,-9.435102411342767,32.593155234875866,5.473567474121139
663698,"Bart, Joey","R","R",30.751815717515658,28.644963080829417,27.25031722671629,-0.6567799754389383,33.61656974342257,2.8647540259069206
571771,"Hernández, Enrique","R","R",28.74980506740442,31.091320332651378,23.532797409099896,-6.531129381052674,32.326453446184765,3.5766483787803507
667472,"Myers, Dane","R","R",31.610630462111537,27.43506549805435,19.887177500833616,-18.29015695051536,29.503389487466144,-2.107240974645387
545341,"Grichuk, Randal","R","R",25.04014457165105,28.45971665859758,34.108832494811075,-22.432667156725167,32.23791171778159,7.197767146130542
686527,"Canzone, Dominic","L","L",31.648794542942888,28.935974532504495,28.986867930415364,-6.010035672625142,38.262720218319686,6.61392567537679
681715,"Hernández, Heriberto","R","R",29.19188577758657,26.884747938614147,34.14780401168377,-16.954922673068307,33.13880704424098,3.9469212666544067
642201,"White, Eli","R","R",28.048952837278843,30.452217190408966,32.066626251897695,-13.896455109605094,28.107930895564838,0.05897805828599209
686555,"Collins, Isaac","L","L",30.469524214848892,29.972356880326146,33.163841804847884,-11.521413439583851,30.32516908445795,-0.14435513039094205
662139,"Varsho, Daulton","L","L",28.872022272350772,25.99564063678748,27.929599740255064,4.604089597675777,28.05236418602272,-0.8196580863280449
656976,"Smith, Pavin","L","L",28.9510824459298,28.92321039306246,32.168558883007776,-6.837909090167198,28.396653196433764,-0.5544292494960387
682626,"Alvarez, Francisco","R","R",25.879262284026773,27.67144633853897,34.620253866035895,-9.982059514717541,27.03465670997034,1.1553944259435787
519317,"Stanton, Giancarlo","R","R",26.83877909761932,33.792112832219225,42.87812485254457,13.385442303761518,25.850922215970517,-0.9878568816488067
700337,"Quero, Edgar","L","L",34.912603424669605,29.722381864950982,22.66668050991813,-12.873024042943625,24.282785421021714,-10.629818003647898
691723,"Mayo, Coby","R","R",24.707007533792556,27.55990413999364,37.484659061814014,-5.267173703838241,35.684016099597436,10.977008565804882
500743,"Rojas, Miguel","R","R",29.50033304309515,28.675195833535838,25.14362258837732,-7.326016462307089,34.753567516211625,5.253234473116461
664238,"Moore, Dylan","R","R",22.523957554635313,30.11800236770193,35.754623944658334,1.6389453544927097,26.995172677800173,4.4712151231648685
677587,"Rocchio, Brayan","L","L",27.24743906031727,22.881693442873395,37.826358738143384,-7.399623637061058,34.2971879330942,7.049748872776941
678554,"Mead, Curtis","R","R",33.48495893818493,28.074572937473487,20.960419350214824,-10.226279624460584,30.370744366229367,-3.114214571955584
595777,"Profar, Jurickson","L","L",32.343230770147976,25.250178153028823,25.064353407419663,-27.319851528925742,34.693884338352696,2.3506535682047116
669743,"Call, Alex","R","R",33.700448109931635,27.38176054402711,25.55933195373337,-36.15675305375448,27.485329477432643,-6.215118632499002
664702,"Straw, Myles","R","R",29.238438959436,25.9331093027413,25.52344942594412,-0.9721841314821937,26.209021479696972,-3.0294174797390307
624431,"Trevino, Jose","R","R",21.018937643428853,32.476770470570166,23.715800000287043,-17.218324198839976,30.381536604748124,9.362598961319268
672744,"Canario, Alexander","R","R",28.313418282291924,27.544641136004923,30.25069712621532,-20.29064364860876,28.949678631881532,0.6362603495896079
669911,"Toglia, Michael","L","L",27.128050046108207,30.30146143334122,33.43343481483304,-6.694065835399123,27.4597898458377,0.33173979972949674
666181,"Benson, Will","L","L",27.05518100165101,31.527043415852617,27.3821733992058,-2.4075698748691168,27.43683795083051,0.38165694917950516
701350,"Anthony, Roman","L","L",28.982711592714615,25.388379452563687,24.565877233479924,-6.9924941817819635,36.03692715998848,7.054215567273852
677942,"Alexander, Blaze","R","R",27.65592625387681,28.464314563745035,34.622717672027456,-10.58656433495339,23.79266442226626,-3.863261831610546
641598,"Garver, Mitch","R","R",27.00617483178665,27.238643787293807,30.112899246193955,-8.598016948013456,34.82836738970667,7.8221925579200065
666149,"Fitzgerald, Tyler","R","R",27.633757126265937,25.56442461944297,33.57106993646386,-2.358230310066351,31.510066361094943,3.8763092348289963
518595,"d'Arnaud, Travis","R","R",28.62363939561473,29.28399342549214,27.14399444987188,-12.87376287444437,31.587053571285054,2.9634141756703247
657557,"DeJong, Paul","R","R",28.214922736858885,26.908624675266335,29.840124398714167,-11.830120510049252,34.25338245488173,6.038459718022847
663728,"Raleigh, Cal","R","R",26.591533194452385,25.341285192726467,24.761052480450246,-2.5560165759612548,39.00235629570119,12.410823101248797
660162,"Moncada, Yoán","L","L",17.844770437383453,26.385394478539524,26.994684522673204,-11.017586284396167,33.990412333356026,16.145641895972567
692225,"Campbell, Kristian","R","R",27.889149760202905,29.69034407172479,32.11700248334578,13.037387448041187,29.475162151742406,1.5860123915394986
668939,"Rutschman, Adley","L","L",26.921291117000077,26.242372938110876,39.28020630968536,-16.217749860561263,25.596300322030118,-1.3249907949699653
702284,"Young, Cole","L","L",24.042289375578306,23.899150638016636,33.601085007245665,-7.639577475022779,23.952190357964163,-0.09009901761413545
670042,"Raley, Luke","L","L",25.336328866199622,27.980674555882395,29.28483795206799,-11.005040501720073,30.658698560660838,5.322369694461212
695506,"Caglianone, Jac","L","L",21.88777315966581,28.97923902999557,42.80436056802294,-11.078079518902948,32.860346957297935,10.972573797632135
669242,"Edman, Tommy","L","L",29.033934618884064,26.399091110616315,22.957967458774533,-13.24875406120171,29.676103354832637,0.6421687359485698
670224,"Misner, Kameron","L","L",26.455717461813705,29.01243123629996,29.722442991041987,-7.575611172683555,34.61606004624376,8.160342584430053
677649,"Duran, Ezequiel","R","R",31.47457963145196,25.0145981757911,28.07065180723812,-15.691449927885513,30.389259886813424,-1.0853197446385336
596019,"Lindor, Francisco","R","R",28.105418044122246,25.448690654043727,26.27007631462269,-11.462533399521618,31.085906858438854,2.9804888143166113
663743,"Fortes, Nick","R","R",30.70821149478757,27.75669609307806,33.83062415433135,-14.453016059631828,30.613588014683714,-0.09462348010385889
664774,"Wade Jr., LaMonte","L","L",31.52103596502131,23.255114009619447,22.614351780723677,-1.4927487928015106,32.327960520413995,0.8069245553926774
642086,"Smith, Dominic","L","L",30.371352306383056,26.370311504126356,38.23413158867424,-15.266965991755816,35.72734462586567,5.3559923194826276
676914,"Schneider, Davis","R","R",31.252833054296374,24.81037480637275,24.55375123382567,-12.124063081143314,34.65275644014408,3.3999233858477127
805249,"Kemp, Otto","R","R",27.856217930661657,23.009077126142472,31.82546889556039,-0.16310124936647588,32.45869758676097,4.602479656099318
606115,"Arcia, Orlando","R","R",28.087845298142362,26.832312215647722,29.7698746259243,-22.22408170677313,29.107529146401326,1.019683848258965
691777,"Muncy, Max","R","R",25.487151546080955,28.233088427659894,33.82044474147339,-18.89131698754505,33.09191084668345,7.604759300602488
694374,"Tawa, Tim","R","R",27.617757276233675,26.047856122099123,29.427811335014393,-8.031507076594826,32.592023468464475,4.974266192230805
570482,"Urshela, Gio","R","R",30.906964346997906,28.176038839670934,30.736044805095357,-15.818596064034667,31.954754362521015,1.0477900155231108
647351,"Toro, Abraham","L","L",29.561481583998194,28.738923442413114,26.401569509836488,-17.946521315746555,35.81155414193607,6.250072557937856
690022,"Ritter, Ryan","R","R",25.84839138074073,27.40973675957217,33.85644186167595,-3.5571221640895114,27.9762221216002,2.1278307408594683
664983,"McCarthy, Jake","L","L",30.32547668547301,32.42067009069358,23.30339993485775,-23.370152253585182,28.4602194968392,-1.8652571886338116
641933,"O'Neill, Tyler","R","R",25.210083208911307,24.871612703473065,29.52491481067937,-9.925323242781799,33.70097465891054,8.490891449999237
641343,"Bauers, Jake","L","L",29.66590367014131,26.45737299152267,26.143686580027804,-2.8791896828883368,29.40599213760142,-0.2599115325398912
641584,"Fraley, Jake","L","L",29.623020412163722,28.053104254780326,26.784867653991412,-13.872332756128193,29.656296775999582,0.033276363835866
682829,"De La Cruz, Elly","R","R",29.38721050984588,30.043821131394395,30.091069579360827,-20.912487563654775,36.414025320033964,7.026814810188093
660688,"Ruiz, Keibert","L","L",35.15912263266598,23.50145694367162,27.434457809594093,-24.684832837545493,37.25460577072005,2.0954831380540826
670764,"Walls, Taylor","L","L",28.25788135988226,26.663269010554938,26.934167925621555,-3.09280319866246,24.948847012246446,-3.309034347635807
805300,"Marsee, Jakob","L","L",30.379374489842245,29.793082686423947,25.804414125167774,3.5833073334192656,30.031829466615857,-0.3475450232263786
690987,"Hassell III, Robert","L","L",31.328612647496207,25.745232234050956,25.54474657455791,-19.647356808070224,33.70095720656671,2.372344559070493
678009,"Meadows, Parker","L","L",27.370016113351934,29.351784285789243,37.038855770130986,-8.501564626766124,34.08896491264325,6.718948799291304
457759,"Turner, Justin","R","R",33.15879103573559,21.99483040379253,15.395669950868712,-34.1432378332684,37.023100006486395,3.8643089707508054
642136,"Thaiss, Matt","L","L",26.98348166633185,27.31241421127883,28.381401844763122,-7.927033722746569,30.75906015293077,3.775578486598909
608701,"Refsnyder, Rob","R","R",30.567729571285486,29.254844098386535,25.549305895747963,-3.985784371052269,29.228745727521286,-1.3389838437642063
695681,"Moore, Christian","R","R",28.547625345835,24.362123797402678,40.0669622872245,-6.596451766127347,30.533574061852853,1.9859487160178626
628451,"Ibáñez, Andy","R","R",28.621709477722593,25.48157060235116,32.60914837522141,5.051196170562891,28.72436997863749,0.10266050091489727
623993,"Santander, Anthony","L","L",18.905886006212228,26.562415984082868,31.525274825957414,-4.610935528989851,34.38848420728636,15.482598201074133
671221,"Waters, Drew","L","L",27.125163880210145,26.47702435237431,22.585939367838154,-0.5535434895273935,32.564647559728655,5.439483679518498
680474,"Schuemann, Max","R","R",30.253568402765914,28.643392540295388,29.48978301937614,-0.044547053064391315,26.21532868539289,-4.038239717373017
650968,"Pozo, Yohel","R","R",23.619982935782968,29.280171658407912,38.69080128814241,-28.79245368524462,29.117963170911988,5.497980235129022
669236,"Jackson, Jeremiah","R","R",28.996262232060793,32.308689449067565,33.64550599766057,-11.58123608357479,30.369103999042483,1.372841766981692
645277,"Albies, Ozzie","R","R",32.9359030563677,17.452103621966323,29.41203617085246,-55.229734676925396,36.832816270232044,3.896913213864345
694497,"Carter, Evan","L","L",28.929109843751444,23.775542382924534,28.517802422377898,-19.49648465286398,34.89330298251885,5.964193138767399
657136,"Wong, Connor","R","R",28.64198967876064,28.199755571168524,29.756730761622446,-14.308855044139387,32.88532299326215,4.243333314501497
682641,"Matos, Luis","R","R",26.774324641805283,27.503776390974082,44.77281254017975,-9.05027118683104,34.105005788150635,7.3306811463453485
668942,"Rojas, Josh","L","L",32.58942553943341,29.610736210311565,26.15905754853027,0.8525103585740559,24.25047712402719,-8.338948415406215
666397,"Julien, Edouard","L","L",28.97762673851144,27.756591492614866,33.23765532232249,-3.5284936229354726,29.36211842512466,0.384491686613219
543877,"Vázquez, Christian","R","R",27.3993237603215,27.562328869989926,25.25460044621023,-15.023771875813942,33.19997127985944,5.800647519537949
670541,"Alvarez, Yordan","L","L",25.697941636272905,28.165840453322502,39.270037266225984,-9.312303174650426,36.07786474508414,10.379923108811212
642708,"Rosario, Amed","R","R",20.804580485887232,22.65928745759915,37.662760182897884,-17.379962120797796,31.536069972923926,10.731489487036692
687231,"Hernaiz, Darell","R","R",30.80962128983957,27.1537455057356,32.879835405642325,-17.841431611849444,27.490482677612786,-3.3191386122267903
608070,"Ramírez, José","R","R",29.698781485197657,24.930905919277205,27.674766134408532,-7.721830817561374,32.233691270596445,2.534909785398795
669364,"Edwards, Xavier","R","R",17.649110897342364,24.269582759163338,28.842115589448305,-9.272682035756441,30.165866617446977,12.516755720104612
677008,"Kjerstad, Heston","L","L",29.94175809883072,29.132496303712905,19.198221219596515,-2.168383941617546,28.669219450649322,-1.2725386481813994
456781,"Solano, Donovan","R","R",27.224538043389835,26.99145283270276,34.24096605216413,-13.683955688490023,28.906592228831318,1.6820541854414768
595978,"Hedges, Austin","R","R",30.615120197991846,27.166138308478555,24.431608466883358,-13.197666682812487,36.859981549116384,6.244861351124537
678877,"Noel, Jhonkensy","R","R",28.939685034031825,33.51585357100833,40.042821122902005,-1.2780152877030428,35.6875894904174,6.74790445638558
672695,"Perdomo, Geraldo","R","R",22.050527701143118,25.730715021550353,42.11027691429289,-13.395960986068934,28.103054036006213,6.0525263348630896
683766,"Koss, Christian","R","R",27.074733675254013,29.457770593986154,24.676448315108214,-3.8102263993173993,25.54225403490407,-1.5324796403499394
805373,"Alvarez Jr., Nacho","R","R",32.18378609007863,26.61904756293979,31.32883953698253,-6.090369415996764,28.869031206281967,-3.3147548837966654
808975,"Kim, Hyeseong","L","L",26.87937108834904,26.03716260822172,37.590351915399516,5.081252803157634,25.45977568399296,-1.4195954043560857
681807,"Fry, David","R","R",28.653606800364436,33.42990295726581,24.013668839892826,1.642494346502416,28.603514255487465,-0.05009254487698228
668804,"Reynolds, Bryan","R","R",30.99910340634437,28.288583196840285,31.104780234080376,-2.51908598010808,28.53055953893978,-2.4685438674045934
696030,"Osuna, Alejandro","L","L",23.687531940273786,24.07170573938756,21.01176576480603,-28.73120044771378,28.469730656534967,4.782198716261189
807799,"Yoshida, Masataka","L","L",30.431569121217603,25.108312892818553,25.223337448896658,-12.288289827270827,31.502229875226313,1.070660754008706
682668,"Acuña, Luisangel","R","R",28.084450137233564,25.48085253975005,24.338867067257123,-2.7747070759941046,29.048070862495873,0.9636207252623153
664023,"Happ, Ian","R","R",30.16055401513289,28.233487300438586,24.305438878530406,-0.15527398239700607,34.15346292609474,3.99290891096183
692585,"Fernández, Yanquiel","L","L",27.1887240155624,27.687854962767183,30.48224670228564,-7.57546301678966,36.38487821431396,9.19615419875157
688363,"Pauley, Graham","L","L",26.248845107939648,25.164625370501213,34.9050736764439,-14.850054418374858,32.586822426170826,6.33797731823117
596103,"Slater, Austin","R","R",33.87299395090684,25.804471172654345,21.584043131946693,-25.903613718899244,29.453417647349212,-4.419576303557634
657077,"Verdugo, Alex","L","L",32.08854352307757,23.406870958135602,21.412047809454204,-35.79726866396683,32.05753421858469,-0.03100930449287744
666185,"Carlson, Dylan","L","L",29.284636785935678,25.20580942707491,20.880701867145262,-4.0840652415947165,26.905552976104527,-2.379083809831136
669326,"Teodosio, Bryce","R","R",23.576795792565427,29.294057323301235,30.07410571043678,-8.486862759729345,30.193981593331383,6.617185800765958
666152,"Hamilton, David","L","L",21.894113277196833,29.87687349972803,22.394624599973767,-0.005555712103068116,31.500887334661112,9.606774057464273
673490,"Kim, Ha-Seong","R","R",33.302860897005246,26.28089077344592,15.993860560082263,-20.00074720197541,33.35755253749072,0.05469164048549356
695238,"Wagner, Will","L","L",25.061115800359108,27.354631568068548,40.51621544533268,0.1892774701842756,26.821524297072767,1.7604084967136644
679845,"Loftin, Nick","R","R",28.828938123180897,28.043866891206584,24.64184582565509,1.4381664380929446,35.02194788059632,6.193009757415427
807712,"Keaschall, Luke","R","R",23.333963247499344,27.60420775332184,35.22295060435201,-16.465103936413687,33.09228475409859,9.758321506599238
669261,"Suwinski, Jack","L","L",30.122305381759794,27.458581879050794,32.93112531209327,-7.246811020223608,27.041052045734734,-3.0812533360250574
606466,"Marte, Ketel","R","R",30.110043043571192,24.99197946889154,18.958765841736305,6.0845070234578325,36.84785316332021,6.737810119749008
670231,"Rave, John","L","L",27.088459310500497,28.36081143585942,21.221579387633916,-3.869775143669895,32.54593897416595,5.457479663665435
656537,"Hill, Derek","R","R",29.49493104419621,26.89582011414366,21.074703523741753,-17.69686006783317,32.02558674576982,2.5306557015736075
642731,"Estrada, Thairo","R","R",26.91723220587767,26.940404603527785,26.04016207109305,-7.603665294996783,35.97992277100244,9.062690565124775
677588,"Tena, José","L","L",34.45642182498183,25.907042090173956,26.203928902904167,-31.790824305019683,30.739573480892563,-3.716848344089277
686797,"Lee, Brooks","R","R",26.14607998111811,29.475611039215725,36.305441178967996,-1.0210618486468233,32.514382611651925,6.368302630533795
679032,"Rojas, Johan","R","R",28.657541463926727,26.36360972004872,27.604087096694958,-10.535865352795707,28.317562139477232,-0.33997932444950235
670223,"Mervis, Matt","L","L",26.085086099802496,29.255363049594727,38.54917018517333,-14.11564449595188,33.69798516036148,7.61289906055897
682657,"Martínez, Angel","R","R",30.58896156293129,22.814860224098283,36.17224023845869,-22.311116168616312,39.65390208649459,9.064940523563306
672016,"Clarke, Denzel","R","R",23.59543328848724,27.398511869682892,39.78730814511954,-11.070599387030919,27.888134555601752,4.292701267114501
663604,"Lockridge, Brandon","R","R",26.844904013253917,30.896686037701304,36.38488229174482,-10.706254313655293,29.516012365174742,2.6711083519208354
665750,"Taveras, Leody","L","L",29.867337070542845,27.12079518298404,29.338119300260285,-7.88236320713301,31.685415005227874,1.8180779346850247
682653,"Bernabel, Warming","R","R",26.26648716571097,25.3117346215874,40.473604038724424,-16.34151728511453,33.56451597799597,7.2980288122850006
677595,"Mauricio, Ronny","L","L",30.5233423780718,27.336938540423144,25.456556718328315,-21.32435263244591,33.34863119852906,2.825288820457261
641943,"Palacios, Joshua","L","L",28.11941540952306,30.081352004186854,32.73358852476016,-12.558247222805024,26.692886335952032,-1.42652907357102
681546,"Outman, James","L","L",27.361028375976403,27.808059414817624,34.90020109944478,-6.281145019385058,32.47994238460628,5.118914008629878
691720,"Karros, Kyle","R","R",19.205524380657682,28.91236315860619,43.00124124857922,4.232557603042007,28.409268225340032,9.203743844682354
668885,"Martin, Austin","R","R",33.37124444966445,26.794204073998014,29.999913782826606,-11.129268472907427,30.604661899158256,-2.7665825505062016
687515,"Thomas, Colby","R","R",29.713858597086915,27.355161374585453,33.410350567528816,-31.715107302924842,28.455832121175426,-1.258026475911487
687952,"Encarnacion-Strand, Christian","R","R",30.286052730436353,27.786224971695678,30.03746358471597,-26.542768464236005,32.905755386501134,2.619702656064797
641680,"Heim, Jonah","R","R",28.678105917497103,31.34586887461642,26.28219581518834,-6.595648634704284,26.062538860749402,-2.6155670567477016
687221,"Rushing, Dalton","L","L",29.912070079652217,28.112429746218336,37.214628018619244,-5.155011044225245,32.427456664141026,2.5153865844888004
607732,"Stallings, Jacob","R","R",26.65846255735028,28.454744548614297,26.537465720097096,-16.730942483758785,27.334732580923706,0.676270023573426
624512,"McGuire, Reese","L","L",32.138090780557576,29.25837040384061,33.41318473685291,-5.6183142567465865,31.889836302131616,-0.24825447842595774
663330,"Jones, Jahmai","R","R",24.914034117980844,29.436901964284917,19.44394362987131,-7.9738649531759185,32.46757870702665,7.553544589045799
655316,"Monasterio, Andruw","R","R",27.4821255749653,25.373510383017965,32.56318811422446,-2.681088995476792,34.77341837051547,7.291292795550188
691785,"Mayer, Marcelo","L","L",30.371741286462733,27.457197716693877,33.54254567471177,-11.594830949790635,29.714853866561153,-0.6568874199015868
467793,"Santana, Carlos","R","R",28.878802008408464,27.42482514663009,27.349988231545996,-23.610114429469256,32.57970241738206,3.700900408973573
686555,"Collins, Isaac","R","R",29.34187065231952,30.13646018234648,35.41039299121987,-24.457160605984996,35.84538973563676,6.503519083317229
702176,"Roden, Alan","L","L",26.494703991155685,28.22289559578925,22.661210576842883,-33.90921412055948,34.95070462624326,8.45600063508758
692216,"Kayfus, CJ","L","L",29.44271537009137,21.545224499986908,25.59104097003615,-2.340416424042976,29.871174031271362,0.42845866117998244
668670,"Rogers, Jake","R","R",28.60247042359996,28.844533086784853,17.945633151032848,15.107663801631892,32.457237554735755,3.8547671311357945
656896,"Rivera, Emmanuel","R","R",23.10799481014326,25.054969715873753,34.942570647753904,-6.77769523900769,30.0792927308074,6.971297920664131
677347,"Paris, Kyren","R","R",34.93108158196622,25.468254502401603,20.955220656764663,-51.0402391723179,26.602831701898324,-8.32824988006789
680728,"Del Castillo, Adrian","L","L",28.957531140717776,28.53877893366324,29.447155314622865,-37.86783244521946,37.16731154445955,8.209780403741764
666211,"Trammell, Taylor","L","L",29.64883532776739,26.38564269424863,30.676554159959164,-6.103379387673666,30.063980418802032,0.41514509103463854
670156,"Mastrobuoni, Miles","L","L",25.948269023180565,27.288329870065812,32.1239689296984,-12.538197289148977,33.76173385141877,7.813464828238191
543510,"McCann, James","R","R",24.2340601272216,27.580082929125666,25.35201676009321,-24.314088460980006,38.28948247413992,14.055422346918297
621035,"Taylor, Chris","R","R",32.232988766139336,31.772170371954427,26.175453117179007,-23.07664511572074,34.268452618929906,2.0354638527905955
455117,"Maldonado, Martín","R","R",26.210229225196105,29.426798000936866,29.868393751045506,-9.18173523150487,36.46357919416465,10.253349968968552
605137,"Bell, Josh","R","R",31.95073566628584,27.325227538893017,28.348586433751624,-20.45963795165786,27.018603361082125,-4.932132305203731
657041,"Thomas, Lane","R","R",22.355045748056487,29.20591616035421,40.5190790783019,-13.02308612851345,28.938827955675112,6.58378220761862
694212,"Basallo, Samuel","L","L",31.780656475878907,24.583737904515875,30.749293707759744,-20.493851743365983,34.13957812171399,2.3589216458350872
663968,"Mangum, Jake","R","R",26.270005888199677,28.081922026483415,25.32438968913118,0.006783455974352027,25.95679121262151,-0.313214675578161
682988,"Locklear, Tyler","R","R",16.030490965185134,31.364926290097923,27.75648442087095,-6.212727104048526,26.538086229625744,10.507595264440615
687859,"Johnston, Troy","L","L",32.997950871369504,27.465920097614813,24.19926487230017,-35.739117071377734,32.91599112004915,-0.08195975132036756
592192,"Canha, Mark","R","R",25.18239833438316,26.621307654715142,28.52697663480538,-3.979666295114365,30.437006295963098,5.254607961579924
623168,"Heineman, Tyler","L","L",29.074694310706843,28.42874912447113,29.688498093579348,-10.337381530726152,35.613093744053984,6.53839943334715
663898,"Rodgers, Brendan","R","R",25.127796708766216,28.63967098842578,33.269103091006116,-17.357360951762136,36.04933500178746,10.921538293021232
666163,"Rortvedt, Ben","L","L",27.316589297526935,27.027069924355438,23.872612737678537,-17.659023136934888,28.795995277429704,1.4794059799027612
642215,"Wilson, Weston","R","R",26.081024813012128,28.192090548443797,29.47277744859665,-11.2830469782826,31.882038502405788,5.8010136893936535
700337,"Quero, Edgar","R","R",32.59357820866725,29.383565601094006,25.231551872177814,-5.18116909929274,26.968509790462466,-5.625068418204801
672275,"Bailey, Patrick","R","R",27.026596642723984,28.400904752235082,27.05975144511981,-7.679409113468679,29.021831246019524,1.995234603295544
683227,"Freeman, Cody","R","R",27.095075983225506,26.271804636404724,27.861538478763887,-6.523318998627939,34.5325438640008,7.437467880775298
642851,"Wynns, Austin","R","R",28.962324616707743,29.04709797868555,30.46931866503506,-11.490689560561362,33.95619651883724,4.993871902129485
669234,"Malloy, Justyn-Henry","R","R",30.963429963909938,28.659626783792532,29.128737009883775,4.315715701850783,32.066910131026205,1.1034801671162737
650489,"Castro, Willi","R","R",31.81817975232885,27.47472725769623,23.78812020560329,-0.8889308434749081,31.777963114578917,-0.040216637749930215
676801,"McCormick, Chas","R","R",20.558425717394822,33.26599300233044,29.106270265265003,2.7709158092554196,27.76157682975352,7.203151112358711
687637,"Beavers, Dylan","L","L",32.40824407152669,25.73416227658655,31.867691981905626,-2.30143150111983,31.091940407583337,-1.3163036639433612
645444,"Herrera, Jose","L","L",22.549606570201238,26.12148643509812,28.73636429939102,-12.972220209380732,30.472963743300806,7.923357173099576
691176,"Domínguez, Jasson","R","R",29.35370414700744,25.288956400855714,23.232661783677834,-24.25322775158575,28.77450819710472,-0.5791959499027222
690924,"Fulford, Braxton","R","R",22.35400067611443,26.04415263842657,30.08761698025766,-9.327099247957447,36.47253104147427,14.118530365359854
621028,"Newman, Kevin","R","R",26.15132837841955,27.21411618590266,44.13591373084706,-7.025623813687453,32.13536003608875,5.984031657669207
518934,"LeMahieu, DJ","R","R",30.348616070949046,32.95039512904909,35.515716079336954,2.0445339984584403,22.093631816676364,-8.254984254272685
701305,"Dezenzo, Zach","R","R",24.628351509384448,28.651476861777084,34.84663557312778,1.9185884215923883,29.919262296142428,5.29091078675798
680737,"Helman, Michael","R","R",32.4427700008547,24.968542071270992,18.999541552552802,-27.68709791934659,34.08433496863888,1.6415649677841775
593871,"Polanco, Jorge","R","R",21.64427368698429,25.53578590014871,33.20373181815569,-10.52123885047693,34.15506676973955,12.510793082755256
671213,"Casas, Triston","L","L",32.32406440442341,29.497794833683816,24.73954305428967,-3.928007519889805,32.804853919119836,0.4807895146964031
680869,"Gelof, Zack","R","R",21.3932129994621,28.94643524013002,37.82435742429345,-0.3606329732896169,28.14024733299798,6.747034333535879
645302,"Robles, Victor","R","R",9.423406514553927,31.138405685689037,40.52127527793656,6.1554666559711535,23.352973855865045,13.92956734131112
677587,"Rocchio, Brayan","R","R",22.652178867610964,26.153974175101087,37.62303297972465,-5.493599768561577,34.16361559302511,11.51143672541414
680862,"MacIver, Willie","R","R",27.884531157312303,31.262210573361216,31.461398462940668,-4.901245263805266,25.732156660287565,-2.1523744970247343
665804,"Amaya, Miguel","R","R",29.14692788589023,26.973683097706253,40.31149617799297,-3.8149532044738197,31.02812584610434,1.8811979602141051
672761,"Pérez, Wenceel","R","R",27.454692285865328,23.07256220285806,31.256274819841142,-6.772442772489652,27.579611322933538,0.12491903706820831
676439,"Feduccia, Hunter","L","L",22.755439211105905,25.738824916346395,28.0114554508239,-0.9122081732613222,31.208187647419482,8.452748436313566
694388,"Loperfido, Joey","L","L",27.884600485087773,29.87852563928766,30.029160938228067,-5.324088727054037,25.58352148565027,-2.3010789994375056
669242,"Edman, Tommy","R","R",27.22886458099135,29.226909831154867,23.44276952169374,-2.8273562291385055,29.71387500370767,2.485010422716324
700246,"Williams, Carson","R","R",27.371251409943017,29.244344989579233,29.945853688915086,-16.19877834421695,28.106599877155336,0.7353484672123194
642180,"Wade, Tyler","L","L",30.9724185929283,27.291558489765873,36.75162923620719,-25.159994575246923,27.91647798460758,-3.0559406083207095
663837,"Vierling, Matt","R","R",36.79104191435282,27.59079877356735,24.910964212692996,-14.60159247089148,29.678919053834083,-7.11212286051873
605361,"Martini, Nick","L","L",29.636024563396283,28.4684072333658,28.951638155646446,-19.86481893565159,26.321788719788735,-3.3142358436075456
669717,"Wilson, Will","R","R",26.88234065661149,27.9863617341678,26.797716781699872,-4.031300180882106,33.45517988344274,6.5728392268312605
656577,"Jackson, Alex","R","R",30.743320000902173,27.304140274967377,36.558279137023675,-13.939815299331888,35.450039973972906,4.706719973070745
650859,"Rengifo, Luis","R","R",17.894391905486064,26.75934615443454,34.02809373894792,-18.988461395862863,27.533935772708126,9.639543867222073
669911,"Toglia, Michael","R","R",22.091263227406664,30.567270085441855,33.60850102805161,-4.202766777208197,30.440576838860046,8.34931361145339
687551,"Gilbert, Drew","L","L",27.537967064695955,29.474290108855087,32.566824234416885,-13.274710765324372,32.681284201320366,5.143317136624422
641313,"Anderson, Tim","R","R",18.091667988421687,27.058388700601117,27.937303507936242,-6.471160080407315,28.94684391234693,10.855175923925243
595777,"Profar, Jurickson","R","R",30.32508271613717,27.115740559280535,25.30215584607602,-35.10268553553449,33.79225030698058,3.467167590843399
542932,"Berti, Jon","R","R",32.49501515111942,28.414694119713083,20.981444946303863,2.274485524995399,22.65708405015831,-9.837931100961098
663368,"Perkins, Blake","L","L",26.05340711704159,30.4366768237848,32.55282607296016,-4.545552143821035,28.510125229202007,2.4567181121604174
666126,"Cortes, Carlos","L","L",21.115244861975775,31.231339342777815,25.249329596769872,-32.16927464583478,29.568415573427494,8.453170711451714
670764,"Walls, Taylor","R","R",31.578603378261032,25.00407013285564,24.091274609199672,-9.716032701734049,28.721844809887642,-2.8567585683733965
680577,"Keirsey Jr., DaShawn","L","L",26.294248985203943,28.01260329187984,38.01337063422167,0.4616850788034909,20.55737887737492,-5.736870107829028
592669,"Renfroe, Hunter","R","R",28.821981353258217,29.133342342023223,27.787326217877457,-23.987507108827558,37.00686060109088,8.184879247832654
664059,"Haggerty, Sam","R","R",17.433396213237877,30.66486412622351,30.866724011267475,1.1345896239121365,26.850656503032063,9.417260289794187
681146,"Bride, Jonah","R","R",26.00615068578382,30.76331918890928,30.653131618137383,-20.057494294155287,34.29579417609013,8.289643490306329
665828,"Cabrera, Oswaldo","L","L",25.196275341920277,26.690637001224985,34.07242506461383,-10.629277778006074,29.560881722560996,4.364606380640723
622761,"Mateo, Jorge","R","R",32.0957760497152,27.45534483575612,34.86646389444686,-13.267377823116245,27.568783384495106,-4.526992665220096
691182,"Amador, Adael","L","L",29.510216094946284,25.464027396724124,29.664719131069337,-8.88341335587055,32.834477195387144,3.324261100440849
596142,"Sánchez, Gary","R","R",32.813299616111514,25.679072617142396,18.26437912710024,-25.488037693218423,36.872891068378046,4.0595914522665275
641555,"Escarra, J.C.","L","L",34.15470297191977,28.57917944618385,30.327320837708623,-18.827433311845684,30.241152586726976,-3.913550385192801
665839,"Valdez, Enmanuel","L","L",29.861255414680762,23.552767717597668,33.29857430068639,-3.933123897989417,27.788797445326612,-2.0724579693541467
518792,"Heyward, Jason","L","L",31.13944418493119,34.64053477605008,31.394868830826002,-8.48908209055205,25.952166785318692,-5.187277399612491
681962,"Capra, Vinny","R","R",27.591757469377967,27.413837104474727,26.786615576156773,0.4357165139280809,30.401222061228424,2.8094645918504506
656484,"Gray, Tristan","L","L",30.278242014516714,29.482685236806258,32.60684408229132,-17.806975301346114,33.41513608696153,3.1368940724448304
606992,"Haase, Eric","R","R",22.479145708014002,29.088844949693403,39.1741037539159,2.017205481390556,28.181158642774683,5.70201293476068
681987,"Eaton, Nate","R","R",28.436522885646976,26.150330213464446,25.026086779632575,-15.676730878951567,35.599042154467426,7.162519268820458
665052,"Conine, Griffin","L","L",31.12489883430584,30.48185838812533,33.49953603546966,-23.389393173910207,28.891197517102018,-2.23370131720382
665561,"Marchán, Rafael","L","L",25.715465549528464,27.905994962709002,31.884024622745024,-22.30169831921954,30.491647340432696,4.776181790904235
668800,"Knizner, Andrew","R","R",27.50489202114643,24.88415952384334,29.42935257057958,0.14570194820040278,33.70884895203609,6.203956930889654
676044,"Seymour, Bob","L","L",29.074787254439823,27.22743537571487,29.21288166138761,-19.807939963561807,34.04849895229873,4.9737116978589
647351,"Toro, Abraham","R","R",27.54451373953889,29.11688749797921,26.333322852665372,-21.435852461910702,34.61477009085194,7.070256351313052
689200,"Melton, Jacob","L","L",29.34942718708188,32.47313483655268,34.6605708602029,-18.041702191359214,21.111313081172145,-8.238114105909728
664059,"Haggerty, Sam","L","L",21.430958696633184,29.231288850705585,32.51847418754962,-5.277251286964638,28.227630674411298,6.79667197777811
668939,"Rutschman, Adley","R","R",27.333600066333485,26.840230993918706,40.065719711134534,-4.776935975159779,27.236845766248013,-0.09675430008546784
664913,"Brown, Seth","L","L",31.27682366621244,26.403666085819196,27.276589466339242,-8.982976147639992,35.00815316418088,3.7313294979684324
671284,"Elko, Tim","R","R",29.72093746580289,32.61036771507099,38.682081235537844,-18.200017414450123,28.145927437390988,-1.5750100284119124
665953,"Chaparro, Andrés","R","R",27.192832192941488,27.466972075759095,38.360691257095354,-24.589377353737014,33.492481907468274,6.299649714526789
660757,"Gonzalez, Oscar","R","R",26.118305521345665,30.540638635192515,32.11637241049109,-17.026105157650047,28.35848045537346,2.240174934027799
695391,"Harris, Brett","R","R",20.52579379051462,25.278007393347945,41.09456228194012,-3.407816805883525,25.02243148511037,4.496637694595751
641658,"Hampson, Garrett","R","R",35.0160614726537,28.173183374200057,16.22622569921466,-21.21315881025233,33.371174606523454,-1.6448868661302427
683770,"Robertson, Will","L","L",28.15391718144638,26.277587347718885,31.616245746953755,-4.792196813746461,30.926966885542136,2.7730497040957527
695600,"Jensen, Carter","L","L",25.145615627629212,27.064519263103026,32.423698097580676,-11.979537897053543,36.048278059843994,10.902662432214779
678894,"Peguero, Liover","R","R",30.214981965036277,26.587879663586836,30.45713178345762,2.0110027746953705,35.695858789921296,5.480876824885013
677592,"Pereira, Everson","R","R",28.908076202212687,28.38380305611071,33.446493444302284,-1.1502426921995774,28.328455530471135,-0.5796206717415512
600869,"Candelario, Jeimer","L","L",26.82559946115555,27.66095709002433,34.20801350507075,-9.499678882598475,30.983792976603052,4.158193515447494
656582,"Joe, Connor","R","R",34.82074526972258,29.542584825301645,25.98989065409353,-33.501217646686975,32.9082396980128,-1.9125055717097845
640902,"Pereda, Jhonny","R","R",27.077179611852845,29.398982377472638,34.56663302530387,0.31799839198182606,22.846304601679442,-4.230875010173406
671286,"Rodríguez, Johnathan","R","R",29.67546870976394,29.06764875629222,36.95180562269396,-12.367448029854282,34.82320118364572,5.147732473881789
666185,"Carlson, Dylan","R","R",28.25841399655864,25.973518479915857,23.066685714687154,6.371742554812657,29.58713207661951,1.3287180800608738
660644,"Bruján, Vidal","L","L",31.725497889013173,29.404324240297555,23.023063907216212,-38.77507498540746,28.66271550706298,-3.062782381950184
682729,"Clase, Jonatan","L","L",28.296539608681677,25.90164691143799,28.993232863061387,-5.947390201174017,31.985260162950226,3.688720554268547
694377,"Yorke, Nick","R","R",30.382728515891042,24.65017120296873,29.66360349018539,-3.325166526653955,23.57587052723539,-6.806857988655656
690976,"Freeland, Alex","L","L",29.445148565845138,28.138950759199442,26.533300083895494,-8.93698904355311,31.7707912416854,2.325642675840274
608385,"Winker, Jesse","L","L",26.94493646173558,26.08917150223481,28.49305012387551,-9.345288102332756,31.48445330933716,4.539516847601579
663584,"Senger, Hayden","R","R",27.104549097560724,29.823715435903594,30.780502719936294,-3.11125738352531,28.01828062082832,0.9137315232676
669003,"Mitchell, Garrett","L","L",31.879372942709757,28.027923046974333,23.561828560865532,-25.19309505205623,27.66118397688031,-4.218188965829457
688760,"Crim, Blaine","R","R",28.613473785128598,29.954929748125902,32.58099590796601,-24.669939033937933,33.798091859269995,5.1846180741414045
672284,"Kelenic, Jarred","L","L",30.588141142804258,27.839218715209718,27.6822001482415,-11.30819497737391,30.39896897890191,-0.18917216390234673
701675,"Church, Nathan","L","L",31.736394847868667,28.214540064140092,36.405713292458735,-14.80831261345453,29.945279130862875,-1.7911157170057828
624415,"Biggio, Cavan","L","L",27.740547455968734,24.855238892441577,29.25609537835226,-3.610402152910508,30.61293782712638,2.872390371157646
682927,"Simon, Ronny","L","L",28.70689578157193,27.120105258886493,24.227513958760724,-5.936514259794462,28.19517130754178,-0.5117244740301469
689172,"Wisely, Brett","L","L",24.625194894962014,23.11748146085474,29.381749616624308,-16.60599559256551,30.436361600172063,5.81116670521005
694362,"Dunn, Blake","R","R",28.46574806294146,29.177653736894342,29.08923788062735,1.4476396200755683,29.451332461752713,0.9855843988112493
686894,"Wiemer, Joey","R","R",25.001659649314135,26.384617352666158,23.25503695671575,-42.73723982373988,36.85347407354915,11.851814424235016
683090,"Lugo, Matthew","R","R",28.796899002424873,28.44110043242136,28.538575034927927,-2.2540372077454136,25.145848182595188,-3.6510508198296874
678391,"Vivas, Jorbit","L","L",33.85340155938209,25.83327058980569,27.766718984565536,-7.850080628483979,27.067850452103265,-6.785551107278829
681508,"Gasper, Mickey","L","L",21.243409670077195,28.982074963685598,32.016361255718834,-17.981261336301326,30.39107125046227,9.147661580385082
545121,"Vargas, Ildemaro","L","L",9.912813349898029,23.735314265560294,33.643181068342464,-9.46882161963564,24.27783518822105,14.36502183832302
691783,"Lawlar, Jordan","R","R",26.733725897888736,28.995199747351233,34.98542368392307,-13.598379825061704,36.19402400397975,9.46029810609101
669004,"Melendez, MJ","L","L",29.253849919575106,29.635122840667613,29.266558128647468,-19.89820100197699,29.17414817500511,-0.07970174456998662
686765,"Sogard, Nick","L","L",18.282208620032396,26.62716387796991,22.422704123401378,-3.735583582506199,39.157365460265275,20.875156840232886
665155,"Maton, Nick","L","L",29.953922768673483,22.658797287748943,30.727172170332103,-28.89011132865812,37.5590546445164,7.605131875842924
605170,"Caratini, Victor","R","R",30.382815603084612,24.507385847952154,30.52892172220034,-15.428573362402762,35.73791556817157,5.3550999650869455
656541,"Hilliard, Sam","L","L",25.637164541694734,28.596853205201715,26.149073447586794,-22.216510622423286,34.32532243357649,8.688157891881769
656248,"Bouchard, Sean","R","R",27.502177289580864,26.320288242135774,35.77794283213869,0.15239500309710016,33.24886753572548,5.746690246144619
660844,"Rivas, Leo","L","L",32.45100898676739,22.63396090745839,21.711270477208174,-15.930816340634472,32.73699748462355,0.28598849785617
676356,"DeLuca, Jonny","R","R",27.205086412833747,26.902003235544424,30.628059879657698,6.697144160706692,33.69580357657967,6.490717163745922
694208,"Ballesteros, Moisés","L","L",33.8819996545619,29.50106021163665,22.704768426255864,-24.0130368310702,29.352254916535205,-4.529744738026703
678011,"Seigler, Anthony","L","L",32.44008918083357,26.863527725346433,31.28128750615654,-11.722348306585284,30.941818332648598,-1.4982708481849651
683083,"Nuñez, Nasim","L","L",27.948267028023313,29.022302011232966,30.269838920919785,3.5450076638710226,27.254259728507506,-0.6940072995158095
701398,"Stewart, Sal","R","R",28.217614019540804,30.803051746985986,30.51707297603886,-15.744788392024038,29.974006109300813,1.756392089760015
669087,"Huff, Sam","R","R",23.094744420526432,30.039513717083032,34.03410993726112,-6.796350644796595,32.5349447334983,9.440200312971855
669288,"Johnson, Daniel","L","L",25.939397780276586,29.519670462339864,35.83526621109821,-24.530125925344702,33.485482283942396,7.546084503665821
690291,"Jung, Jace","L","L",34.577890934246426,25.831702761374448,24.503300661295196,-8.142383336956028,28.571557359656108,-6.006333574590304
669450,"Hummel, Cooper","L","L",31.565327671096114,28.368778170813986,27.772745298156867,-3.3017950996820624,32.72479195907246,1.1594642879763515
676116,"Noda, Ryan","L","L",27.760687006458294,26.94940201208661,33.07528546101494,-10.696481188187743,30.725947912120983,2.96526090566268
676070,"Amaya, Jacob","R","R",29.234974232282028,28.298143951618428,28.298618375672493,0.5853864229658124,25.178191335204836,-4.056782897077182
676679,"Vázquez, Luis","R","R",26.955790012922023,29.419069370417752,34.75285382982365,-11.67071119814683,27.838716265856405,0.8829262529343872
699625,"Crooks, Jimmy","L","L",26.40029307552878,26.597794558720903,32.847135647903414,-20.827496678823167,37.52296760353688,11.122674528008092
686475,"Tolbert, Tyler","R","R",30.77230737930201,25.8997423787117,33.12129721661404,-23.388300650344092,35.47550952320285,4.70320214390083
681460,"Baldwin, Brooks","R","R",29.849993772343932,29.42164317377814,32.38160437779073,-2.3800006356685355,29.544552742426177,-0.30544102991775574
650559,"De La Cruz, Bryan","R","R",29.67564874878276,27.18335263141253,34.078207996376044,-10.87469826483634,27.41919509568666,-2.2564536530961075
670097,"Short, Zack","R","R",33.391687135363725,25.599220055948187,25.664502096004654,-25.665615419116218,34.650925765240345,1.2592386298766114
665877,"Fermín, José","R","R",33.64814112243113,26.006045264524797,17.954295834333763,-10.504733824867913,29.716389691743,-3.931751430688134
595751,"Alfaro, Jorge","R","R",28.410562089355242,26.494553339772224,25.192860911849184,-24.830269499324785,24.48856484541573,-3.9219972439395008
666464,"Encarnacion, Jerar","R","R",27.829421702554573,29.0877102041626,31.606648651163102,-4.8250824407306645,32.07665689586785,4.247235193313273
670092,"Brooks, Trenton","L","L",27.317691195255755,25.29817930551738,27.368282288933734,-0.548335560959612,28.587327048511572,1.2696358532558196
677956,"Hinds, Rece","R","R",29.039654742804824,27.630381181117848,33.015774790210635,-12.039785277804027,38.43839314020001,9.398738397395187
691185,"Acosta, Maximo","R","R",29.35441072589485,24.600690812514,29.599848167303907,-11.412560814583708,33.8894650830435,4.535054357148654
694203,"Guzman, Denzer","R","R",32.54606152593652,24.28630926868765,28.857595229151855,-4.269172911051117,29.166076933891652,-3.3799845920448894
545121,"Vargas, Ildemaro","R","R",27.816595631248894,25.705383267501272,28.180568674267445,-10.31513732990193,32.987270886078754,5.170675254829845
678489,"Barrosa, Jorge","R","R",22.585415902003874,27.629764845493042,27.740904078025135,-15.487968355257975,30.989639386493547,8.404223484489671
656413,"Fairchild, Stuart","R","R",31.363118967395174,22.696286815490385,22.88487233877612,0.25542488330745916,31.018989697271337,-0.3441292701238318
571912,"Maile, Luke","R","R",27.573388651723434,24.916925589452216,35.09510712192757,-4.071399354262252,31.840967091176065,4.267578439452622
687957,"Harris, Dustin","L","L",18.26694045030968,23.97075138076959,22.11253479867575,-17.154694628316324,34.528989126350986,16.262048676041314
685301,"Gorski, Matt","R","R",29.34591693532127,27.718085348579528,24.567847633266783,-0.37060570601420273,37.16367609264087,7.817759157319604
645444,"Herrera, Jose","R","R",26.57255800615177,25.563180135937333,22.15187302696178,-8.937744861417563,30.63680788300495,4.06424987685318
676724,"Young, Jared","L","L",23.744833222614872,28.531720983427878,28.286471676623865,0.16835701502083372,30.701337077163345,6.95650385454848
607680,"Pillar, Kevin","R","R",28.13639460331539,28.297869483560483,25.000105750934296,-4.04962989455299,30.94054977218244,2.8041551688670476
668952,"Kreidler, Ryan","R","R",24.598916968860415,30.017672331876273,25.096526719313605,-0.35016525638265533,30.58096163637061,5.982044667510188
663368,"Perkins, Blake","R","R",24.840869487850643,30.701148698102955,33.37375841650502,5.329088910642676,24.099749702905907,-0.7411197849447332
623993,"Santander, Anthony","R","R",23.155240977596684,27.461022227848858,29.41065468246392,-6.208446993840473,29.088896072163074,5.933655094566383
805904,"Cole, Zach","L","L",21.351818732180593,29.117884379630457,26.507807757645153,-5.750066894681104,24.423941150580873,3.0721224184002827
694728,"Matthews, Brice","R","R",28.657373145058248,25.065232144914336,27.96955199236243,0.8622306675309049,30.164295722777315,1.506922577719067
668974,"Handley, Maverick","R","R",29.545708459039272,25.342260221905892,27.976511975946593,-15.732409729467552,27.0492046987897,-2.496503760249579
663662,"Cameron, Daz","R","R",26.26445309102435,27.259457721253202,31.52695351133658,-14.588483029330293,31.304504297374276,5.040051206349924
672569,"Campero, Gustavo","L","L",25.15234524516731,23.218321471013642,31.418712227872565,-11.468198578474057,29.121042526215867,3.968697281048554
671655,"Valera, George","L","L",29.220169966463356,28.15302499895008,28.635176584201744,-21.042617121822115,36.5606183993857,7.340448432922345
669450,"Hummel, Cooper","R","R",31.660701793281667,28.279136949422544,27.760758180737056,-4.579444440743933,30.984113486497154,-0.6765883067845118
660688,"Ruiz, Keibert","R","R",30.050774871261925,30.870189848103912,30.362913354446253,-19.559028056784786,35.23955355869625,5.188778687434325
671221,"Waters, Drew","R","R",25.044747027434322,29.029843709227976,24.698788767967546,-8.576134296354505,25.618859549901664,0.5741125224673371
592178,"Bryant, Kris","R","R",27.526932065937384,28.090839300469277,35.9462690326578,-6.597111480471275,31.74658561635245,4.2196535504150665
608671,"Jankowski, Travis","L","L",30.47008814663256,28.1970159522348,24.78823905434145,-6.282132498717544,22.64022048240196,-7.829867664230594
642350,"Siri, Jose","R","R",19.662150837986843,27.203900293960967,41.72646310591362,1.5531141010302612,25.501096546308037,5.838945708321192
691728,"Veen, Zac","L","L",28.981099038750088,29.76932205589751,20.615695688939773,-6.418063863759158,26.121818491361243,-2.859280547388851
623168,"Heineman, Tyler","R","R",27.57775649602249,28.846214005061267,29.318390372829565,-7.15186696463563,32.61376482927177,5.036008333249281
665861,"Rivero, Sebastián","R","R",29.008482709146218,27.866601721451723,28.640489621612694,-20.440260751892716,30.714181991636075,1.7056992824898602
687478,"Devanney, Cam","R","R",31.720633595407733,29.10250784161526,22.407432253667103,-22.620111325180382,27.108522157998063,-4.612111437409669
676701,"Trejo, Alan","R","R",27.766773212328385,28.84719381362466,37.626251174579465,-16.475172305023797,34.911994635972746,7.145221423644362
680837,"Fitzgerald, Ryan","L","L",30.59130405178445,28.5844124339417,29.85300014992534,-19.726185251006388,28.76049084242868,-1.8308132093557643
669722,"Davidson, Logan","L","L",21.76671886762166,29.81277767277303,35.06529423585207,-7.7373439045992445,32.85867258358788,11.091953715966214
677595,"Mauricio, Ronny","R","R",30.94499841910005,27.77449199057974,25.054846231910926,-29.44470123344325,34.6512945665127,3.7062961474126666
682848,"Rodríguez, Endy","L","L",30.448021699869635,26.229505868697167,35.16888271219721,-10.294777435297776,32.10046885198643,1.652447152116787
663609,"Baker, Luken","R","R",26.638349815442492,28.840734710332725,36.1636573385985,-17.42150867547496,31.359949574165594,4.721599758723103
669369,"Johnson, Bryce","L","L",31.800917332174773,25.958139228026315,29.676940342091957,-6.466167765589601,28.272983522896098,-3.527933809278681
683748,"Mesa Jr., Victor","L","L",26.29081763343592,29.07934510941809,31.210622448853627,-4.5766347577369295,28.767697289789336,2.4768796563534226
686676,"Lee, Korey","R","R",26.401630002688115,25.781465297252563,34.66087945953147,-3.713598628785217,32.20675786786074,5.805127865172623
680700,"Palacios, Richie","L","L",32.210070910357466,27.90643019483089,23.325038859939504,-0.5373569447669859,28.70194914376862,-3.508121766588843
493329,"Gurriel, Yuli","R","R",16.639079532345036,27.898766572640284,33.66002528607844,-10.818058444775106,31.150802259681683,14.511722727336641
668845,"Schunk, Aaron","R","R",27.102251469947905,28.727441559442454,31.31457318410497,-20.858897679582757,30.00880358264873,2.9065521127008336
621512,"Nido, Tomás","R","R",23.756931858925725,32.59827672414518,34.97231142970655,-15.869928759705461,23.222534590257126,-0.5343972686685994
694376,"Whitcomb, Shay","R","R",31.27021257282042,29.162205629266463,25.392365854263797,-10.061076822626449,31.18784128833402,-0.08237128448640671
543592,"Nola, Austin","R","R",24.28046164807108,26.991481751585283,32.673373896798836,-6.689611226296385,27.779045270207916,3.498583622136839
605131,"Barnes, Austin","R","R",26.848900151389007,27.768901859169013,23.123185235095765,-11.08402272130801,30.05140973994116,3.202509588552156
676480,"Barrero, José","R","R",29.700650576606584,30.494826009515222,27.272267112993678,-27.46485932506205,35.076047678535836,5.375397101929269
683083,"Nuñez, Nasim","R","R",30.678720521835306,29.421964912354206,28.74875522558843,2.0511032552364257,28.216553276199075,-2.4621672456362287
686452,"Millas, Drew","L","L",30.437702355397192,25.187562585795288,35.24687376447073,-31.827168142102014,26.377564247023816,-4.060138108373384
666150,"Fletcher, Dominic","L","L",31.298378259998657,25.19570550486953,32.091960614354186,-0.5976415805010948,31.357404944851186,0.05902668485252385
669208,"Bliss, Ryan","R","R",25.20602552519907,28.09755642706345,23.703461162940904,-18.193003969841957,29.01554218791298,3.809516662713912
805811,"Eldridge, Bryce","L","L",18.555494590993874,26.797257900499567,34.97482007039387,-3.297848478407354,26.99199043289753,8.436495841903653
669304,"Miranda, Jose F","R","R",28.285099135651503,31.224826290435455,30.375678547337152,-4.169637816523707,35.25033531740656,6.96523618175506
686554,"Dunn, Oliver","L","L",28.600385842569473,25.471960910600085,28.742921660762747,-3.5801916597234844,27.686828227019415,-0.9135576155500482
683357,"Caissie, Owen","L","L",30.14322727690506,28.812883261747874,23.748414008305275,-9.274544667144188,31.990268876879956,1.8470415999748997
664068,"Kingery, Scott","R","R",31.42299810429793,27.147164291382204,24.0477351007242,-11.49799012970658,29.298226437073108,-2.1247716672248265
677870,"Jiménez, Leo","R","R",24.007345801191246,29.07358177888907,31.652170692977453,-5.016265735719893,28.35020939837899,4.3428635971877325
678489,"Barrosa, Jorge","L","L",25.187106488282083,27.63993532512135,26.704425127715908,-9.670023611306116,31.827740407780524,6.640633919498437
676812,"McCusker, Carson","R","R",24.856717017795546,32.648618239454386,33.23720475075091,2.107503659300382,28.53798811053068,3.6812710927351318
660844,"Rivas, Leo","R","R",26.12629566861221,24.781659238209443,21.748720938375016,-8.047901296966812,28.76621890287583,2.639923234263626
622569,"Reyes, Pablo","R","R",31.312584151660666,27.638907139283326,35.51843310149995,-2.2907489720859173,26.731038673527028,-4.581545478133636
682729,"Clase, Jonatan","R","R",27.587254115565695,25.730133827038397,26.984185531193063,-9.423265398406548,29.275806868550596,1.6885527529848912
671083,"Kennedy, Buddy","R","R",29.300205749473573,24.686546554830674,31.431724400469612,-1.810673902059287,32.93199937224337,3.6317936227698118
665750,"Taveras, Leody","R","R",30.162630476489664,28.953687503671052,28.517584237472732,0.6122876698420848,29.330761447838523,-0.8318690286511411
663897,"Williams, Luke","R","R",24.313947570528647,27.382840511845917,30.192128717652857,-3.6565126221275768,31.64431449423842,7.330366923709776
681508,"Gasper, Mickey","R","R",19.929343624718758,28.936827600026238,30.50462960814382,-10.433353303248648,35.40742170003975,15.47807807532097
686765,"Sogard, Nick","R","R",19.533042538681027,29.98526633298047,22.782102874216335,-2.325482463983797,39.511349565934026,19.978307027252992
663536,"English, Tristin","R","R",28.8778919407111,27.1961262686563,21.288284790903752,-25.543272273254605,29.070805968413154,0.1929140277020494
665561,"Marchán, Rafael","R","R",27.249325649688384,28.310584653355793,32.25640775457503,-23.86702864777714,30.927101608040473,3.6777759583520915
669369,"Johnson, Bryce","R","R",31.602352829813444,27.12994764537266,28.67810551766726,-10.948829822429941,33.97144142654838,2.3690885967349313
600869,"Candelario, Jeimer","R","R",27.121411631372354,26.93578457805168,36.17273006660336,-4.572094779512145,31.32939377949463,4.207982148122272
687529,"McCray, Grant","L","L",17.84035929648465,24.91704959523001,34.74178843090432,-2.663607834357689,27.897632643202975,10.057273346718317
665923,"Ruiz, Esteury","R","R",30.142026530737752,30.12384132206631,37.925045213816745,-9.020371219879273,28.317191099436737,-1.8248354313010215
660162,"Moncada, Yoán","R","R",17.5251342069614,27.96567340034413,28.328331048975897,-8.717352234735209,33.139213137400375,15.614078930438973
665828,"Cabrera, Oswaldo","R","R",25.971616121658602,28.905056091277476,32.962607853589944,-10.584634387063764,27.569393264071184,1.5977771424125746
672569,"Campero, Gustavo","R","R",27.50049852780923,23.949900082542104,33.746127235661426,-1.4450978473407978,32.704847731569046,5.2043492037598185
660644,"Bruján, Vidal","R","R",32.69720118748004,26.564391916559217,26.79048054261181,-8.089195376878513,27.33844728951568,-5.358753897964359
691182,"Amador, Adael","R","R",26.558908033710143,27.606498573497223,33.90689929239431,-5.565534113565971,37.694394586845355,11.135486553135205
669374,"Hiura, Keston","R","R",26.880791681011747,26.92210608594731,24.091434626425364,-14.75368666495092,26.02781461767643,-0.8529770633353156
681584,"Villar, David","R","R",31.872809950240214,32.38950866389583,21.484882773519118,-10.08251495740649,25.870335288029644,-6.002474662210578
680911,"Miller, Owen","R","R",25.09511940544141,27.11901920492002,29.700900239642085,-8.708252736119745,29.432794346403345,4.337674940961933
686452,"Millas, Drew","R","R",28.757337274475635,21.820716089441127,32.38210593433668,-16.028307351710396,22.054004429994592,-6.703332844481047
682927,"Simon, Ronny","R","R",31.977946848335264,24.771280478371217,20.25122762760208,-20.836446103894236,27.81566795776048,-4.162278890574789
690976,"Freeland, Alex","R","R",30.61431531912377,27.740030410717914,25.652264623021576,-16.131188933826845,37.281548865476125,6.66723354635236
682848,"Rodríguez, Endy","R","R",30.606826821532252,27.37011350579374,33.27623725264283,-6.113296764711926,28.500375489921115,-2.106451331611132
669722,"Davidson, Logan","R","R",22.016117861896035,29.759198866778373,33.95233830553803,-14.651628874991678,26.42611818008813,4.410000318192099