name,batter,bat_speed,attack_angle,vba,hba,zone_top,zone_bot,ttc,swing_length,side,batter_depth,batter_distance,contact_depth,avg,obp,slg,bb_rate,k_rate
Matt Olson,621566,74.04,8.814,-33.881,0.966,42.972,20.580000000000002,0.138,7.479,L,31.158577819461257,30.52909491143871,1.3481366169518951,0.272,0.366,0.484,12.6,24.3
Rafael Devers,646240,71.664,10.032,-29.903,4.434,41.772,19.176000000000002,0.144,7.571,L,22.47486499681841,25.92262103714761,6.071219471437913,0.252,0.372,0.479,15.4,26.3
Kyle Schwarber,656941,77.327,14.567,-30.312,-5.79,39.684,18.288,0.133,7.531,L,21.072391272586664,25.29905975617781,12.35007892327338,0.24,0.365,0.563,14.9,27.2
Juan Soto,665742,73.581,10.954,-28.122,3.841,38.196,18.528,0.13,7.029,L,24.855295862914566,30.25149559747893,-1.6328762851707148,0.263,0.396,0.525,17.8,19.2
Geraldo Perdomo,672695,68.069,7.242,-35.371,-1.482,42.18,19.524,0.138,6.883,L,17.211090045821873,25.47552798985059,6.881733935545002,0.29,0.389,0.462,13.1,11.5
Geraldo Perdomo,672695,68.069,7.242,-35.371,-1.482,42.18,19.524,0.138,6.883,R,22.05052770114312,25.730715021550356,6.0525263348630896,0.29,0.389,0.462,13.1,11.5
Francisco Lindor,596019,70.951,11.097,-33.848,-1.511,41.124,18.72,0.144,7.5,L,26.600932931098185,26.26427945505004,1.903760987141889,0.267,0.346,0.466,8.9,17.9
Francisco Lindor,596019,70.951,11.097,-33.848,-1.511,41.124,18.72,0.144,7.5,R,28.10541804412225,25.448690654043727,2.9804888143166117,0.267,0.346,0.466,8.9,17.9
James Wood,695578,76.059,11.129,-39.667,1.897,46.644,21.6,0.138,7.662,L,30.969662434838785,30.13312259180936,1.7085815559659778,0.256,0.35,0.475,12.3,32.1
Shohei Ohtani,660271,75.838,15.024,-36.96,-1.988,42.384,19.368000000000002,0.143,7.928,L,28.985436377625668,31.931798658016543,-1.390236548591936,0.282,0.392,0.622,15.0,25.7
Cal Raleigh,663728,75.245,17.918,-34.355,-8.391,43.176,20.172,0.143,7.898,L,29.33225715063691,24.09279200023609,5.18385464713892,0.247,0.359,0.589,13.8,26.7
Cal Raleigh,663728,75.245,17.918,-34.355,-8.391,43.176,20.172,0.143,7.898,R,26.591533194452385,25.341285192726467,12.410823101248797,0.247,0.359,0.589,13.8,26.7
Randy Arozarena,668227,72.309,8.681,-25.298,0.37,40.068,19.044,0.141,7.448,R,22.57866485908006,24.21268542124735,8.657268445458916,0.238,0.334,0.426,9.0,26.9
Pete Alonso,624413,75.363,10.214,-33.85,0.874,42.3,20.04,0.128,7.066,R,24.397816569211887,27.14281370792842,3.865574349701243,0.272,0.347,0.524,8.6,22.8
Willy Adames,642715,72.087,18.485,-35.316,-3.953,41.616,20.46,0.154,8.142,R,29.106121460433663,28.93962035442951,2.4467897621099906,0.225,0.318,0.421,11.7,26.1
Steven Kwan,680757,63.579,3.208,-35.591,-2.434,37.968,17.375999999999998,0.136,6.322,L,22.84309002026496,22.666924784528803,6.95104491111992,0.272,0.33,0.374,7.9,8.7
Taylor Ward,621493,69.48,9.12,-32.122,-2.909,40.836,19.476,0.139,7.091,R,31.65932148209616,25.71715222563784,1.7985823153890803,0.228,0.317,0.475,11.3,26.4
Brice Turang,668930,70.487,6.857,-31.123,8.45,41.424,19.428,0.132,6.815,L,30.597524236436143,26.81307979797676,1.249881149712469,0.288,0.359,0.435,10.0,22.8
Aaron Judge,592450,77.009,14.081,-38.43,-5.988,48.52799999999999,22.128,0.144,8.107,R,26.238280036372384,33.09666937729869,4.316419710496247,0.331,0.457,0.688,18.3,23.6
José Ramírez,608070,71.036,8.804,-29.728,-9.255,40.944,18.912,0.139,7.238,L,30.4307381944894,21.780873370015,2.291609515387722,0.283,0.36,0.503,9.8,11.0
José Ramírez,608070,71.036,8.804,-29.728,-9.255,40.944,18.912,0.139,7.238,R,29.698781485197657,24.930905919277205,2.534909785398795,0.283,0.36,0.503,9.8,11.0
J. P. Crawford,641487,71.028,4.671,-36.018,1.711,39.384,18.54,0.137,7.153,L,34.92258681308943,27.636427542271203,1.6859095435081803,0.265,0.352,0.37,11.3,18.7
Elly De La Cruz,682829,74.538,8.322,-33.662,-0.308,43.188,20.604,0.132,7.192,L,28.758181413660903,29.89595212410857,8.453297975799389,0.264,0.336,0.44,9.6,25.9
Elly De La Cruz,682829,74.538,8.322,-33.662,-0.308,43.188,20.604,0.132,7.192,R,29.38721050984588,30.043821131394395,7.026814810188093,0.264,0.336,0.44,9.6,25.9
Riley Greene,682985,75.667,13.897,-44.586,1.219,42.983999999999995,20.364,0.131,7.276,L,29.87621971239875,24.652797116024733,2.154543378560306,0.258,0.313,0.493,7.0,30.7
Ian Happ,664023,71.749,10.392,-32.667,-5.678,42.804,19.631999999999998,0.132,6.926,L,31.588823690547017,26.11382118229293,2.344163186264378,0.243,0.342,0.42,13.1,22.8
Ian Happ,664023,71.749,10.392,-32.667,-5.678,42.804,19.631999999999998,0.132,6.926,R,30.16055401513289,28.233487300438583,3.99290891096183,0.243,0.342,0.42,13.1,22.8
Seiya Suzuki,673548,73.434,8.155,-31.1,-3.308,38.064,16.896,0.135,7.229,R,28.015625624251847,27.831184346335448,6.506246092527962,0.245,0.326,0.478,10.9,25.2
Manny Machado,592518,74.501,7.612,-26.522,-0.427,44.076,19.991999999999997,0.143,7.826,R,24.668741287317477,31.08661030275037,6.1417577472112574,0.275,0.335,0.46,8.1,19.3
Heliot Ramos,671218,74.025,5.978,-31.498,1.514,38.088,17.904,0.126,6.841,R,24.93986980993368,27.63509213583179,2.6394429015289806,0.256,0.328,0.4,7.5,22.7
Fernando Tatís,665487,73.918,8.323,-29.771,0.67,45.263999999999996,21.323999999999998,0.135,7.285,R,26.262590514659344,28.96148895979504,3.606792719561458,0.268,0.368,0.446,12.9,18.7
Spencer Torkelson,679529,73.12,13.578,-38.03,-8.042,42.852000000000004,20.016,0.145,7.767,R,32.94405804309665,27.97822733840873,-2.261009823544776,0.24,0.333,0.456,11.1,26.0
Gleyber Torres,650402,70.217,9.323,-34.082,4.236,38.664,18.072,0.139,7.159,R,32.53485634897741,26.39517891889186,-2.1944907587329405,0.256,0.358,0.387,13.5,16.1
Tj Friedl,670770,69.716,9.195,-28.291,-7.609,38.46,17.916,0.131,6.709,L,32.284507730021325,24.36089637445006,8.087572907760084,0.261,0.364,0.378,11.8,16.8
Marcell Ozuna,542303,72.897,13.938,-36.88,-0.956,42.924,21.18,0.136,7.244,R,34.41506070281109,26.101641530061254,-2.0106597763768232,0.232,0.355,0.4,15.9,24.3
Bryan Reynolds,668804,72.254,13.09,-37.885,1.02,38.82,18.588,0.131,6.953,L,26.495074363619267,26.903471289041786,1.7253217281563786,0.245,0.318,0.402,8.7,26.5
Bryan Reynolds,668804,72.254,13.09,-37.885,1.02,38.82,18.588,0.131,6.953,R,30.99910340634437,28.288583196840285,-2.4685438674045934,0.245,0.318,0.402,8.7,26.5
Jarren Duran,680776,74.849,5.694,-26.533,-0.038,41.892,19.956,0.137,7.493,L,28.54725140046869,30.50011775356837,3.164591736287339,0.256,0.332,0.442,8.6,24.3
Christian Yelich,592885,73.292,9.669,-36.238,7.083,40.763999999999996,20.856,0.14,7.533,L,27.755401750596143,29.9123471086608,-1.0227894008472458,0.264,0.343,0.452,9.9,25.9
Eugenio Suárez,553993,72.243,18.465,-38.717,-5.482,41.832,19.056,0.147,7.801,R,18.29803545217391,23.07972821551156,17.357411629245505,0.228,0.298,0.526,7.0,29.8
Nathaniel Lowe,663993,72.709,6.702,-30.105,7.8,41.844,18.912,0.136,7.224,L,26.28714598471269,29.976735819516804,1.114349938222685,0.228,0.307,0.381,10.2,26.1
Brandon Nimmo,607043,72.258,6.679,-29.063,2.073,43.392,20.580000000000002,0.136,7.192,L,28.26246512340836,31.48681166087718,-1.3790762207977232,0.262,0.324,0.436,7.7,21.6
Cody Bellinger,641355,70.18,12.954,-32.396,-3.295,46.2,21.564,0.151,7.761,L,32.717149303658296,21.03212304600008,-2.6342303190454386,0.272,0.334,0.48,8.7,13.7
Brent Rooker,667670,73.587,12.316,-36.264,-6.201,42.96,20.364,0.132,7.104,R,31.38413223639774,27.216434356785108,1.421471970091913,0.262,0.335,0.479,9.3,22.2
Vinnie Pasquantino,686469,72.592,9.803,-29.396,-9.362,42.42,20.088,0.139,7.387,L,28.61871810985254,31.15024992380272,3.4713707721743,0.264,0.323,0.475,7.2,15.7
William Contreras,661388,73.236,10.636,-29.256,3.287,42.096000000000004,20.052,0.133,7.115,R,28.540863058923392,27.95898782692904,1.6681114782964943,0.26,0.355,0.399,12.7,18.2
Yandy Díaz,650490,73.6,2.914,-24.426,6.998,42.024,19.451999999999998,0.142,7.638,R,29.340035890577028,28.665182920901312,0.561490283934702,0.3,0.366,0.482,8.8,14.1
Bobby Witt,677951,74.424,5.19,-28.624,-0.393,42.348,19.716,0.129,7.041,R,27.4586412907125,25.22649204350365,0.3399506629422963,0.295,0.351,0.501,7.1,18.2
Vladimir Guerrero,665489,76.814,1.282,-27.428,-4.622,44.124,19.788,0.136,7.64,R,27.83987728190725,28.98723298870009,6.57606136450804,0.292,0.381,0.467,11.9,13.8
Gunnar Henderson,683002,75.43,8.588,-29.096,0.7,44.304,20.988,0.132,7.291,L,26.66754126076994,25.816405320983904,6.75081212924464,0.274,0.349,0.438,9.5,21.0
Maikel García,672580,71.891,4.571,-27.118,0.493,43.308,20.567999999999998,0.138,7.268,R,30.507457718233773,25.94260613784594,3.423060496132864,0.286,0.351,0.449,9.3,12.6
Lawrence Butler,671732,73.732,6.801,-30.464,1.762,42.372,19.919999999999998,0.131,7.077,L,25.894135567710176,31.233727789957342,2.933872474067319,0.234,0.306,0.404,9.4,28.4
Julio Rodríguez,677594,76.487,7.021,-31.687,-1.592,40.571999999999996,18.456,0.137,7.68,R,20.3317842090747,29.705195771201883,11.95696993443958,0.267,0.324,0.474,6.2,21.4
Christian Walker,572233,74.146,9.064,-29.417,-4.577,40.86,18.816000000000003,0.138,7.474,R,28.610879775980656,26.295575616510767,2.836130716074497,0.238,0.297,0.421,6.3,27.7
Corbin Carroll,682998,74.708,11.061,-25.733,-3.404,38.483999999999995,18.144,0.133,7.306,L,30.66264089100784,29.91106558614071,5.977992253994856,0.259,0.343,0.541,10.4,23.8
Mike Trout,545361,74.076,7.586,-36.373,0.163,43.344,20.496,0.137,7.461,R,29.941576706040227,25.30001234756704,-5.67197849416535,0.232,0.359,0.439,15.6,32.0
Ryan Mcmahon,641857,73.983,13.054,-38.784,0.966,42.18,19.32,0.137,7.44,L,24.003716552332666,32.03037079180328,2.759374273512436,0.214,0.312,0.381,11.9,32.3
Junior Caminero,691406,78.613,8.016,-26.221,-5.395,42.732,19.584,0.146,8.423,R,28.23679998976382,28.63693533218145,7.691020535541662,0.264,0.311,0.535,6.3,19.1
Dansby Swanson,621020,70.903,15.71,-34.535,-1.543,42.96,19.956,0.143,7.414,R,30.46250540269317,27.563863770665204,1.9238120467670232,0.244,0.3,0.417,7.3,26.0
Trevor Story,596115,71.133,10.592,-29.413,-4.589,41.544000000000004,19.296,0.141,7.364,R,25.700770144519737,29.912583101465568,9.659274010969256,0.263,0.308,0.433,5.0,26.9
Mookie Betts,605141,69.003,9.25,-34.595,-5.464,38.724,18.204,0.139,7.031,R,25.700730688827704,28.642898316671054,7.496571935723746,0.258,0.326,0.406,9.2,10.3
Bryson Stott,681082,69.337,7.517,-32.75,2.057,40.308,19.067999999999998,0.142,7.197,L,26.6200586565468,23.709635993663568,1.595938464584242,0.257,0.328,0.391,9.6,16.3
Luis Arráez,650333,62.467,5.497,-37.403,4.857,39.372,18.36,0.128,5.848,L,34.31262537479633,26.019936146158308,-2.8280356675852505,0.292,0.327,0.392,5.0,3.1
Jackson Holliday,702616,70.589,8.296,-31.848,5.594,40.668,19.008000000000003,0.133,6.901,L,25.861615602198786,27.564199662947093,0.3149807572500298,0.242,0.314,0.375,8.6,21.6
Trea Turner,607208,71.233,8.161,-27.885,-3.125,41.7,20.472,0.145,7.559,R,28.879394501781032,28.788701673313344,0.4570044297578024,0.304,0.355,0.457,6.7,16.7
Ozzie Albies,645277,68.965,12.721,-34.905,-5.309,38.928000000000004,18.804,0.143,7.216,L,35.25220126607613,23.22029421174746,1.6274301707022194,0.24,0.306,0.365,8.2,14.1
Ozzie Albies,645277,68.965,12.721,-34.905,-5.309,38.928000000000004,18.804,0.143,7.216,R,32.9359030563677,17.452103621966323,3.896913213864345,0.24,0.306,0.365,8.2,14.1
Freddie Freeman,518692,69.831,10.604,-43.05,1.101,44.64,21.552,0.134,6.863,L,29.147584754584862,30.3834684143677,-2.1545365148831026,0.295,0.367,0.502,9.6,20.4
Anthony Volpe,683011,72.622,10.984,-31.536,5.618,40.728,19.14,0.136,7.248,R,28.66808613849478,29.201607080443285,-3.653733368378584,0.212,0.272,0.391,7.2,25.2
Trent Grisham,663757,70.943,16.621,-30.867,1.881,43.344,20.592,0.146,7.611,L,33.30819154011998,31.00672799073505,-9.213773167183298,0.235,0.348,0.464,14.1,23.6
Lars Nootbaar,663457,73.442,9.206,-27.945,-3.09,40.848,19.572,0.128,6.891,L,29.121148799097263,27.861521840116744,5.624267362974915,0.234,0.325,0.361,11.0,20.4
Matt Mclain,680574,69.655,11.469,-32.029,-0.005,37.128,16.428,0.134,6.85,R,28.094276599794288,27.05641732269301,4.05964405069179,0.22,0.3,0.343,9.5,28.9
Jonathan India,663697,71.938,9.075,-28.201,-4.644,40.392,18.636,0.139,7.301,R,28.706098821465908,27.947673706899558,1.9691128110137857,0.233,0.323,0.346,9.5,18.7
Jung Hoo Lee,808982,68.317,5.202,-39.442,-4.636,39.768,17.604,0.15,7.529,L,26.682784783039235,21.116963757884022,3.5264058894452552,0.266,0.327,0.407,7.6,11.5
Wyatt Langford,694671,73.196,16.805,-33.738,-3.192,41.135999999999996,19.740000000000002,0.131,7.027,R,28.844675187150283,27.372052875228945,3.1711557110748343,0.241,0.344,0.431,12.9,26.4
Jordan Beck,687597,73.202,10.676,-32.765,-3.253,43.403999999999996,20.64,0.144,7.724,R,17.651456159266406,29.47327953151512,9.97714414650963,0.258,0.317,0.416,7.3,29.6
José Altuve,514888,69.49,15.37,-28.768,-5.709,34.272,15.48,0.149,7.575,R,12.835284157711104,30.1400005439936,17.26780965075162,0.265,0.329,0.442,8.4,16.7
Miguel Vargas,678246,70.623,11.923,-35.438,-3.015,40.788,19.188,0.147,7.609,R,30.588444424348477,28.06749565409232,4.724753688455785,0.234,0.316,0.401,9.8,17.6
Cj Abrams,682928,72.379,10.851,-27.265,-3.875,41.976,18.888,0.143,7.598,L,27.835222635617303,30.03325299345148,3.860022162229317,0.257,0.315,0.433,5.8,19.7
Andy Pages,681624,72.558,7.844,-40.562,-4.081,41.867999999999995,19.344,0.148,7.89,R,31.5719354019918,29.81032383078719,-0.2902509530162373,0.272,0.313,0.461,4.6,21.6
Mike Yastrzemski,573262,71.149,10.96,-30.426,-2.705,40.512,19.14,0.144,7.489,L,29.047341378911774,24.682245666936502,1.2349428646838492,0.233,0.333,0.403,12.9,19.4
Bo Bichette,666182,69.123,4.459,-37.501,1.329,44.400000000000006,20.88,0.144,7.273,R,27.36635047873597,25.0993177612157,-2.823369931705295,0.311,0.357,0.483,6.4,14.5
Spencer Steer,668715,70.856,12.434,-28.327,-4.14,39.864000000000004,18.672,0.142,7.389,R,29.04075955815314,25.626031295355475,3.686685300117862,0.238,0.312,0.411,9.0,22.7
George Springer,543807,73.711,13.095,-35.15,-0.348,42.912,19.692,0.139,7.497,R,26.9817570062644,27.17851120751984,-4.655892967054473,0.309,0.399,0.56,11.8,18.9
Carlos Correa,621043,73.929,7.757,-33.117,-1.71,43.2,20.64,0.133,7.208,R,25.759084728604773,28.79055732913448,2.6965931905183647,0.276,0.332,0.402,7.7,19.3
Sal Frelick,686217,68.086,8.518,-28.133,-1.674,37.332,17.244,0.143,7.111,L,30.92039121089144,27.366609162600565,-3.132216030837683,0.288,0.351,0.405,7.9,13.5
Nico Hoerner,663538,68.43,5.849,-33.27,-1.857,40.092,18.875999999999998,0.143,7.184,R,29.75503620124372,27.563434194157757,-2.6303612601817283,0.297,0.345,0.394,6.0,7.6
Kyle Tucker,663656,72.052,11.645,-33.873,-8.15,41.448,19.32,0.143,7.555,L,27.85569555373153,30.200251897809984,0.5137858270369532,0.266,0.377,0.464,14.6,14.7
Michael Busch,683737,69.556,16.26,-36.716,-1.009,39.552,18.66,0.138,7.014,L,30.97619156423464,26.491511118705397,1.5419501064049472,0.261,0.343,0.523,9.5,23.5
Josh Smith,669701,68.973,8.449,-36.499,-1.635,38.304,17.796,0.133,6.727,L,31.76427598257892,27.10464689030448,-0.9892018339644332,0.251,0.335,0.366,9.8,17.8
Andrew Mccutchen,457705,71.121,14.514,-34.457,-0.744,41.052,19.44,0.147,7.651,R,29.808843592091723,28.981477655030293,-4.911471865638706,0.239,0.333,0.367,12.2,21.4
Pete Crow-Armstrong,691718,72.653,14.594,-34.846,-3.541,37.392,17.580000000000002,0.136,7.239,L,30.248640860108186,26.61815481270101,5.938052700952581,0.247,0.287,0.481,4.5,24.0
Salvador Pérez,521692,72.935,12.426,-34.178,-5.319,44.124,20.52,0.147,7.849,R,29.5712904498446,27.29221372285295,0.8497416871403711,0.236,0.284,0.446,4.4,19.5
Gavin Sheets,657757,74.851,8.513,-27.588,-7.733,41.46,19.848,0.141,7.755,L,29.25310739721635,29.15615901760824,4.851930975765559,0.252,0.317,0.429,8.1,19.6
Xavier Edwards,669364,66.564,2.464,-31.125,2.77,39.348,17.808,0.131,6.368,L,20.71897528642928,24.458100081537165,6.968773583288007,0.283,0.343,0.353,7.9,14.2
Xavier Edwards,669364,66.564,2.464,-31.125,2.77,39.348,17.808,0.131,6.368,R,17.649110897342364,24.269582759163335,12.516755720104612,0.283,0.343,0.353,7.9,14.2
Masyn Winn,691026,71.039,5.469,-29.08,-3.677,41.135999999999996,19.14,0.143,7.461,R,33.57548813337285,23.06399959442486,0.4383700072707899,0.253,0.31,0.363,6.3,19.0
Oneil Cruz,665833,78.842,9.252,-33.474,-7.449,46.32,21.516,0.135,7.773,L,27.828194893611432,26.723138139493678,7.539536801677289,0.2,0.298,0.378,11.8,32.0
Tyler Soderstrom,691016,74.026,9.723,-30.549,0.996,40.536,18.288,0.138,7.488,L,28.7900324995533,31.46359613882218,-0.7874872066157987,0.276,0.346,0.474,8.8,22.6
Jo Adell,666176,77.627,7.986,-33.815,-5.887,43.512,21.035999999999998,0.136,7.729,R,26.084040827644387,28.09498859688565,0.0629663795804308,0.236,0.293,0.485,5.8,26.4
Matt Chapman,656305,75.034,5.603,-25.38,-3.896,41.82,19.872,0.136,7.491,R,28.38533746308423,29.81118849470134,-0.9418090921027276,0.231,0.34,0.43,13.3,23.6
J. T. Realmuto,592663,72.111,12.441,-34.23,0.976,43.980000000000004,20.664,0.142,7.519,R,31.46159234588772,27.4533394178903,-2.909204818738329,0.257,0.315,0.384,6.4,23.5
Trevor Larnach,663616,72.211,8.341,-34.043,-10.599,45.516000000000005,21.264,0.137,7.268,L,28.59709066296012,27.236869728535883,5.657479239770815,0.25,0.323,0.404,9.3,21.5
Zach Neto,687263,71.379,17.936,-39.041,-5.519,39.336,18.636,0.135,7.048,R,18.396315015753824,21.574114493487063,17.91012103611313,0.257,0.319,0.474,6.0,26.9
Bryce Harper,547180,74.171,11.597,-35.541,-2.246,38.604,19.464000000000002,0.135,7.342,L,23.55895645995716,29.460070719572844,9.63673889338813,0.261,0.357,0.487,12.1,20.9
Ryan O'Hearn,656811,71.889,11.418,-33.491,1.342,41.483999999999995,19.259999999999998,0.135,7.132,L,26.051705787192585,29.257733465881543,0.2694821608279683,0.281,0.366,0.437,10.7,20.0
Jake Cronenworth,630105,70.797,7.24,-31.072,-0.371,39.816,18.588,0.135,7.004,L,33.40777987346617,28.303564302458923,-2.8000045664885684,0.246,0.367,0.377,13.4,20.8
Michael Harris,671739,74.251,6.919,-30.708,-1.01,41.988,19.596,0.148,8.04,L,31.00639067128448,28.52695816771252,-0.2196485746585294,0.249,0.268,0.409,2.5,20.0
Nick Castellanos,592206,70.544,15.08,-39.962,-4.545,46.644,22.512,0.149,7.685,R,29.80162778035332,29.03611660351782,0.9842853068451074,0.25,0.294,0.4,5.4,22.6
Nolan Schanuel,694384,67.457,8.524,-38.462,-0.867,42.912,20.328,0.135,6.69,L,30.00445650353474,23.252882729647265,0.7457914565063295,0.264,0.353,0.389,10.5,12.6
Willson Contreras,575929,75.97,9.453,-32.756,-1.802,41.928000000000004,19.464000000000002,0.143,7.963,R,22.61570570728384,30.312338760464566,5.3276165247128215,0.257,0.344,0.447,7.8,25.2
Ke'Bryan Hayes,663647,71.175,4.286,-26.453,1.479,38.928000000000004,18.072,0.13,6.784,R,32.95026918938592,25.850927394011325,1.5721917535693872,0.235,0.29,0.306,6.3,19.5
Adolis García,666969,72.214,8.777,-28.046,-0.532,41.268,19.956,0.143,7.584,R,29.04954147192146,25.173342886382752,2.263169388274959,0.227,0.271,0.394,5.1,24.7
Hunter Goodman,696100,74.439,13.402,-25.259,-7.258,41.388,19.428,0.133,7.253,R,28.678585772690276,29.52527603927106,10.093033401052166,0.278,0.323,0.52,5.7,26.3
Brandon Lowe,664040,73.908,14.839,-33.492,-2.599,38.988,17.46,0.133,7.19,L,27.046270606855398,26.609439933688257,7.051700737967022,0.256,0.307,0.477,6.9,26.9
Jazz Chisholm,665862,73.903,15.822,-32.912,-6.015,44.544000000000004,20.82,0.144,7.803,L,30.23551748771398,25.825647370959157,1.403091109489078,0.242,0.332,0.481,10.9,27.9
Otto Lopez,672640,71.697,7.429,-29.94,-2.354,39.996,18.84,0.129,6.797,R,29.305282154620286,28.51782077507989,1.173893723128802,0.246,0.305,0.368,7.4,13.8
Agustín Ramírez,682663,75.342,7.453,-25.189,-3.213,38.604,17.964000000000002,0.136,7.515,R,28.26196183147211,30.15480855084501,2.081142921495337,0.231,0.287,0.413,6.2,19.3
Ceddanne Rafaela,678882,70.913,11.466,-32.601,-1.387,42.192,19.86,0.143,7.443,R,30.49056792069948,26.782601397792256,3.0291038515527013,0.249,0.295,0.414,4.8,19.9
Ketel Marte,606466,74.758,10.168,-31.875,-7.32,43.464,20.448,0.143,7.842,L,30.09014684727331,21.848006603028686,6.635637477135112,0.283,0.376,0.517,11.5,14.9
Ketel Marte,606466,74.758,10.168,-31.875,-7.32,43.464,20.448,0.143,7.842,R,30.110043043571192,24.99197946889154,6.737810119749008,0.283,0.376,0.517,11.5,14.9
Jackson Chourio,694192,73.84,7.114,-26.432,1.507,40.68,19.332,0.139,7.505,R,24.74465257629376,30.415434926582137,3.2071228560614378,0.27,0.308,0.463,5.1,20.5
Cedric Mullins,656775,71.007,11.393,-29.185,-6.222,41.508,19.044,0.145,7.551,L,31.76567552936179,24.14733813014905,-3.116323986121444,0.216,0.299,0.391,10.0,24.1
Teoscar Hernández,606192,72.975,10.315,-31.87,-0.124,42.647999999999996,19.908,0.146,7.812,R,30.733034242244635,29.887693330099456,-0.2679431379485444,0.247,0.284,0.454,4.8,24.5
Xander Bogaerts,593428,72.235,10.16,-31.013,-6.981,43.56,20.076,0.139,7.337,R,19.703259778146546,29.09519807471681,15.05115640136546,0.263,0.328,0.391,8.7,17.0
Paul Goldschmidt,502671,72.731,9.75,-31.968,2.155,41.916,19.200000000000003,0.142,7.594,R,25.89278115021669,34.04792800200249,-4.87371621298421,0.274,0.328,0.403,6.7,18.7
Josh Bell,605137,73.169,10.065,-33.69,-3.018,44.664,21.084,0.149,7.972,L,28.73125385342881,28.728980052757137,-0.9861490695354008,0.237,0.325,0.417,10.7,16.5
Josh Bell,605137,73.169,10.065,-33.69,-3.018,44.664,21.084,0.149,7.972,R,31.95073566628584,27.325227538893017,-4.932132305203731,0.237,0.325,0.417,10.7,16.5
Marcus Semien,543760,68.434,15.774,-34.774,-3.856,40.272,19.692,0.154,7.721,R,28.006150999723317,23.99078964654857,2.4868551304501683,0.23,0.305,0.364,9.4,17.4
Chase Meidroth,805367,67.335,6.558,-29.345,2.264,37.356,17.712,0.135,6.647,R,31.592660338037675,28.231522443556997,-2.4462233990464988,0.253,0.329,0.32,8.9,14.3
Lenyn Sosa,672820,72.619,10.52,-32.633,0.367,40.248000000000005,19.224,0.14,7.426,R,30.35734244085724,27.5184197077841,2.36326385984688,0.264,0.293,0.434,3.3,23.3
Gavin Lux,666158,69.573,11.323,-33.273,2.42,39.528,18.72,0.144,7.362,L,33.26724487239679,26.494061280286164,-1.1678640820720771,0.269,0.35,0.374,11.1,22.7
Byron Buxton,621439,75.089,14.125,-34.047,-6.277,41.400000000000006,18.72,0.144,7.937,R,23.5645448775555,27.764556111202417,4.675556076565207,0.264,0.327,0.551,7.6,27.3
Ben Rice,700250,73.479,10.703,-33.257,-6.074,44.436,21.264,0.137,7.37,L,30.847992976850605,28.50480558702399,-2.376121700552786,0.255,0.337,0.499,9.4,18.9
Zach Mckinstry,656716,67.606,9.876,-37.454,1.381,39.996,18.624000000000002,0.137,6.798,L,27.365093267842045,26.45161206712915,-0.071971935174126,0.259,0.333,0.438,9.0,21.7
Josh Naylor,647304,70.893,7.467,-31.327,-8.231,38.388,18.12,0.146,7.579,L,25.402862591007423,26.58322079323627,-0.0979136033965698,0.295,0.353,0.462,7.9,13.7
Jorge Polanco,593871,71.139,9.485,-30.489,-10.52,39.996,19.272000000000002,0.139,7.219,L,26.733312366079037,28.583682055112337,4.855871685019014,0.265,0.326,0.495,8.0,15.6
Jorge Polanco,593871,71.139,9.485,-30.489,-10.52,39.996,19.272000000000002,0.139,7.219,R,21.64427368698429,25.53578590014871,12.510793082755256,0.265,0.326,0.495,8.0,15.6
Kyle Manzardo,700932,70.631,17.392,-37.025,-0.711,38.088,16.404,0.143,7.397,L,22.72112659068529,31.399889338266807,10.910463253112836,0.234,0.313,0.455,9.0,25.4
Cam Smith,701358,74.546,7.58,-38.108,-1.315,40.908,18.875999999999998,0.134,7.321,R,25.36194597706416,30.346725112388317,4.032137283018136,0.236,0.312,0.358,8.7,27.8
Michael Conforto,624424,74.155,10.407,-32.116,0.557,39.900000000000006,18.696,0.135,7.326,L,27.1435209124039,28.26722539190896,0.6016054762462918,0.199,0.305,0.333,11.5,24.9
Luis Rengifo,650859,69.582,7.249,-33.643,3.693,38.652,17.808,0.138,7.064,L,18.716321181310867,26.206997919920315,7.570166541000724,0.238,0.287,0.335,6.1,19.2
Luis Rengifo,650859,69.582,7.249,-33.643,3.693,38.652,17.808,0.138,7.064,R,17.894391905486064,26.75934615443454,9.639543867222072,0.238,0.287,0.335,6.1,19.2
Brooks Lee,686797,69.524,11.303,-30.895,-4.659,40.296,18.948,0.141,7.171,L,26.94533228344404,27.22053410219747,2.03175978348304,0.236,0.285,0.37,5.9,17.5
Brooks Lee,686797,69.524,11.303,-30.895,-4.659,40.296,18.948,0.141,7.171,R,26.14607998111811,29.475611039215725,6.368302630533795,0.236,0.285,0.37,5.9,17.5
Ramón Laureano,657656,72.176,15.545,-35.138,1.048,41.04,18.972,0.132,7.009,R,30.405645282864377,31.591877086188894,2.3724251342452067,0.281,0.342,0.512,7.2,24.4
Lourdes Gurriel,666971,70.604,10.521,-36.892,-6.059,44.46,21.0,0.145,7.494,R,28.76530627137782,26.06059986537395,2.3379806031351893,0.248,0.295,0.418,5.7,13.9
Alejandro Kirk,672386,72.66,7.957,-24.021,4.258,37.367999999999995,17.772000000000002,0.135,7.203,R,21.64216732450783,31.544532501466307,8.420585143408626,0.282,0.348,0.421,9.5,11.7
Carlos Santana,467793,71.359,12.849,-26.701,-5.619,41.172,20.112,0.146,7.637,L,26.65242485984414,26.75355164044354,8.04525647044181,0.219,0.308,0.325,11.0,19.2
Carlos Santana,467793,71.359,12.849,-26.701,-5.619,41.172,20.112,0.146,7.637,R,28.878802008408464,27.42482514663009,3.700900408973573,0.219,0.308,0.325,11.0,19.2
Addison Barger,680718,76.006,9.137,-28.827,-5.102,44.46,20.364,0.138,7.664,L,33.1970279227107,25.47178742344957,-1.6682471849543925,0.243,0.301,0.454,7.2,24.1
Nick Kurtz,701762,77.305,14.356,-39.125,1.546,44.58,20.304,0.136,7.714,L,23.43214969363939,27.741253815479016,1.3216538580427906,0.29,0.383,0.619,12.9,30.9
Alex Bregman,608324,71.093,13.58,-28.078,-5.233,40.14,19.164,0.136,7.081,R,28.660725447171988,24.777290238904836,3.1446407823101628,0.273,0.36,0.462,10.3,14.1
Brenton Doyle,686668,70.73,11.487,-30.283,0.634,41.076,19.944,0.139,7.215,R,24.078952411815717,29.09176966023826,1.958652859987022,0.233,0.274,0.376,5.6,25.7
Eric Wagaman,676572,73.459,6.927,-27.92,-2.841,42.24,19.488,0.133,7.133,R,25.105128353775772,28.13747382103788,7.225099787299427,0.25,0.296,0.378,6.2,19.5
Isaac Paredes,670623,68.947,15.534,-32.507,-15.372,39.084,18.78,0.159,8.029,R,30.86723797727982,25.83486971045713,6.956554680010887,0.254,0.352,0.458,11.4,17.4
Jesús Sánchez,660821,75.898,7.146,-27.816,-1.858,41.376,19.356,0.124,6.92,L,26.326256282612245,28.42052650929088,8.702681116236123,0.237,0.304,0.395,8.5,22.1
Harrison Bader,664056,73.597,12.162,-25.411,-5.638,38.483999999999995,18.227999999999998,0.133,7.158,R,27.14547933607261,27.17619643462175,6.406666493231944,0.277,0.347,0.449,7.8,27.1
Alec Burleson,676475,72.331,10.063,-31.781,0.333,42.071999999999996,19.212,0.141,7.454,L,33.982866528614856,23.41377616197696,-2.400123646412656,0.29,0.343,0.459,7.1,14.5
Brendan Donovan,680977,69.274,7.799,-30.341,1.968,40.403999999999996,19.512,0.134,6.796,L,26.40596676896548,28.4848881140967,-1.519993743726261,0.287,0.353,0.422,8.2,13.0
Josh Jung,673962,70.301,11.47,-37.668,2.56,44.808,21.035999999999998,0.135,6.98,R,22.57092205779461,25.01283917565142,9.57849550507322,0.251,0.294,0.39,5.3,25.2
Shea Langeliers,669127,73.884,11.472,-30.327,-3.217,39.54,18.204,0.133,7.216,R,27.166398644325938,29.6705098691198,6.498927366372352,0.277,0.325,0.536,6.9,19.7
Wilmer Flores,527038,65.53,11.227,-32.143,-6.604,38.903999999999996,19.092,0.144,6.893,R,27.685613389206804,25.257294474623286,3.697373347309652,0.241,0.307,0.379,7.3,19.0
Will Smith,669257,69.744,11.664,-33.975,1.004,40.728,18.708,0.142,7.25,R,32.91859266016374,28.985881003910304,-1.6564586628538505,0.296,0.404,0.497,14.7,20.4
Ryan Jeffers,680777,72.364,9.955,-28.574,-3.326,40.176,19.248,0.138,7.302,R,28.250531518325843,27.333555054758698,0.8914934496368112,0.266,0.356,0.397,10.8,19.6
Yainer Diaz,673237,72.202,10.445,-28.275,0.9,38.099999999999994,17.796,0.139,7.33,R,29.07505260972378,28.29610692459826,3.3356394866286845,0.256,0.284,0.417,3.5,16.8
Ty France,664034,70.99,10.686,-34.8,5.198,38.664,17.759999999999998,0.143,7.451,R,28.35483313131073,26.483268358019732,-0.8333114542189566,0.257,0.32,0.36,4.5,16.9
Joey Ortiz,687401,72.293,1.634,-27.806,-1.559,40.715999999999994,18.456,0.142,7.523,R,31.94720850254025,28.208363361172847,-2.8554294830723004,0.23,0.276,0.317,5.3,14.6
Ernie Clement,676391,67.532,11.505,-32.184,-2.977,40.788,18.696,0.143,7.043,R,22.62260755311959,28.26591943057837,8.516740652222408,0.277,0.313,0.398,4.6,10.4
Adam Frazier,624428,65.79,11.231,-39.134,3.285,38.196,17.364,0.143,6.907,L,21.11910792609284,22.08754674962072,2.9233234818564946,0.267,0.319,0.365,5.7,17.6
Josh Lowe,666139,72.472,7.165,-35.879,-0.429,44.736000000000004,21.432000000000002,0.138,7.31,L,24.507882346356517,30.87426250297912,4.690908303548938,0.22,0.283,0.366,7.6,25.1
Luis García,671277,72.407,10.702,-28.559,-2.556,41.712,19.944,0.14,7.399,L,28.15779110958997,28.678959642864587,5.230440300792153,0.252,0.289,0.412,5.1,16.0
Caleb Durbin,702332,67.746,7.907,-27.493,-3.569,39.18,17.796,0.137,6.813,R,32.36441968312631,27.16432263127876,-4.52520074120244,0.256,0.334,0.387,5.9,9.9
Max Kepler,596146,71.311,7.834,-31.779,-7.045,41.568,19.968,0.141,7.368,L,32.40807439666062,30.113633281720844,0.1121373947607663,0.216,0.3,0.391,10.1,19.6
Carlos Narváez,665966,72.28,9.162,-30.024,2.43,42.900000000000006,19.416,0.143,7.593,R,25.038900128089264,29.202856399370297,5.604298609743142,0.241,0.306,0.419,8.5,24.9
Colt Keith,690993,70.82,11.798,-32.923,-2.591,39.78,18.648,0.131,6.818,L,22.79209010827282,28.708330077458985,8.701621873599093,0.256,0.333,0.413,10.3,21.8
Iván Herrera,671056,74.447,8.694,-32.016,-0.563,40.884,18.732,0.144,7.842,R,31.871211708510927,27.455339550214397,-0.367867370097973,0.284,0.373,0.464,9.5,18.6
Alec Bohm,664761,71.739,5.367,-29.804,4.391,43.284000000000006,19.896,0.139,7.285,R,25.706436136354064,29.67344053738828,0.9055346884932328,0.287,0.331,0.409,5.8,16.3
Dillon Dingler,693307,71.719,10.829,-39.776,-0.396,41.28,18.552,0.147,7.702,R,25.6224252109902,28.35203661687062,2.15563062988572,0.278,0.327,0.425,4.9,23.5
Angel Martínez,682657,69.931,12.083,-33.666,-6.674,38.784000000000006,17.316000000000003,0.144,7.365,L,30.673925253340165,25.20716230261917,5.737862626544947,0.224,0.269,0.359,4.8,22.7
Angel Martínez,682657,69.931,12.083,-33.666,-6.674,38.784000000000006,17.316000000000003,0.144,7.365,R,30.58896156293129,22.814860224098283,9.064940523563306,0.224,0.269,0.359,4.8,22.7
Austin Wells,669224,73.445,10.451,-31.873,-5.628,41.964,19.44,0.141,7.597,L,30.772296024679427,23.643682090887676,-0.2228123024011126,0.219,0.275,0.436,6.7,26.3
Austin Riley,663586,75.907,10.858,-32.184,-4.496,41.796,19.236,0.136,7.572,R,28.838573911422014,28.165670801381697,6.746037709035644,0.26,0.309,0.428,6.0,28.6
Gabriel Arias,672356,75.12,9.769,-29.1,1.117,41.964,18.648,0.139,7.622,R,29.14403055512306,35.60733784624777,5.266487707361552,0.22,0.274,0.363,5.7,34.4
Isaac Collins,686555,72.649,3.968,-28.846,-2.026,39.168,18.516,0.125,6.687,L,30.46952421484889,29.972356880326146,-0.144355130390942,0.263,0.368,0.411,12.9,21.1
Isaac Collins,686555,72.649,3.968,-28.846,-2.026,39.168,18.516,0.125,6.687,R,29.34187065231952,30.13646018234648,6.503519083317229,0.263,0.368,0.411,12.9,21.1
Jeremy Peña,665161,72.34,10.938,-30.439,-8.278,42.552,20.604,0.143,7.556,R,30.18363093801783,26.22758012294659,1.8453379600671924,0.304,0.363,0.477,6.4,17.1
Mark Vientos,668901,71.302,14.588,-31.875,1.141,43.608,20.088,0.145,7.558,R,26.61667581841083,28.766284419607533,1.5149921010933984,0.233,0.289,0.413,6.5,24.8
Ronald Acuña,660670,76.414,11.874,-38.713,6.162,43.296,19.668,0.136,7.593,R,31.270136391804524,25.480626678605617,-1.0701375459309217,0.29,0.417,0.518,17.2,24.8
Logan O'Hoppe,681351,71.971,15.692,-32.949,-3.655,41.352000000000004,19.476,0.145,7.631,R,27.544270363390496,28.64818029772024,6.059931446725113,0.213,0.258,0.371,5.3,30.8
Brett Baty,683146,74.825,8.434,-35.451,3.771,44.664,20.556,0.134,7.358,L,30.040455213294265,30.264337954601505,-3.3811228331677547,0.254,0.313,0.435,7.6,25.0
Drake Baldwin,686948,75.371,9.43,-31.697,3.049,40.728,19.104,0.13,7.189,L,26.57317315684882,28.2161268112298,2.146328564490961,0.274,0.341,0.469,8.5,15.2
Willi Castro,650489,71.587,7.647,-37.157,-3.413,43.332,20.172,0.138,7.233,L,31.91751987581147,23.1205416483227,-2.3512938921170417,0.226,0.313,0.366,8.8,24.4
Willi Castro,650489,71.587,7.647,-37.157,-3.413,43.332,20.172,0.138,7.233,R,31.81817975232885,27.47472725769623,-0.0402166377499302,0.226,0.313,0.366,8.8,24.4
Jacob Wilson,805779,63.79,2.774,-35.133,-0.963,38.436,18.348,0.131,6.101,R,28.54904772116285,25.66990301496724,2.0390035078842144,0.311,0.355,0.444,5.2,7.5
Kerry Carpenter,681481,71.97,17.131,-34.874,-0.555,40.74,19.272000000000002,0.142,7.481,L,32.39884066892954,29.1078852614117,-6.658683298361614,0.252,0.291,0.497,3.9,22.8
Jeff Mcneil,643446,70.75,8.621,-33.067,-4.921,42.948,20.436,0.141,7.328,L,30.85904741000371,24.840482699991718,-0.9155952396050532,0.243,0.335,0.411,10.6,11.9
Jonathan Aranda,666018,70.488,10.198,-35.575,3.663,40.26,18.768,0.141,7.29,L,27.232112682489323,29.27360668622968,0.0903544848924921,0.316,0.393,0.489,9.7,25.4
Andrew Benintendi,643217,68.717,15.816,-32.482,-5.044,39.384,18.12,0.141,7.078,L,30.880119516124555,22.41238739937245,4.366788823539619,0.24,0.307,0.431,8.5,17.4
Patrick Bailey,672275,71.478,8.452,-32.875,-3.341,41.016000000000005,19.584,0.139,7.286,L,27.704060258929097,28.82722936283252,3.1558895619168013,0.222,0.277,0.325,6.6,29.4
Patrick Bailey,672275,71.478,8.452,-32.875,-3.341,41.016000000000005,19.584,0.139,7.286,R,27.026596642723984,28.40090475223508,1.995234603295544,0.222,0.277,0.325,6.6,29.4
Kyle Stowers,669065,75.0,11.566,-33.884,0.383,42.696,20.436,0.122,6.734,L,29.60861437119733,29.310556791584723,1.8863901192779544,0.288,0.368,0.544,10.5,27.4
Andrew Vaughn,683734,70.68,7.819,-29.426,-1.872,39.084,18.336,0.14,7.266,R,31.641726669780887,29.095871281089337,-2.145904904019269,0.254,0.307,0.411,6.9,17.9
Tommy Pham,502054,73.456,8.248,-27.366,-1.065,41.94,19.56,0.131,7.032,R,31.43017612554663,28.458180314978744,1.240696691386669,0.245,0.33,0.37,11.1,20.9
Jackson Merrill,701538,71.974,9.816,-37.49,1.04,42.732,19.764,0.141,7.437,L,24.61263755289271,28.722995163702,2.815747973499722,0.264,0.317,0.457,6.8,22.4
Corey Seager,608369,72.576,12.873,-34.236,3.462,41.772,18.107999999999997,0.126,6.689,L,26.48919703432885,29.05421121083488,5.5005449640197694,0.271,0.373,0.487,13.0,19.6
Jonah Heim,641680,68.981,11.023,-28.601,0.405,43.032,19.944,0.149,7.514,L,29.357531183379223,30.657446813610346,-0.0866950620899317,0.213,0.271,0.332,7.4,20.3
Jonah Heim,641680,68.981,11.023,-28.601,0.405,43.032,19.944,0.149,7.514,R,28.678105917497103,31.34586887461642,-2.6155670567477016,0.213,0.271,0.332,7.4,20.3
Victor Scott,687363,67.838,8.941,-32.238,-0.584,38.232,17.448,0.128,6.323,L,23.449514995398246,24.0829659744687,8.319320098974734,0.216,0.305,0.296,9.1,24.0
Nolan Jones,666134,72.689,8.818,-35.455,-0.011,44.952,20.616,0.129,6.867,L,27.083962384629984,27.327724313531174,5.623275902667617,0.211,0.296,0.304,9.7,28.0
Spencer Horwitz,687462,68.461,9.885,-35.853,-1.75,43.008,20.1,0.139,6.949,L,29.4263212564284,25.22851119330176,0.6019476016559994,0.272,0.353,0.434,10.7,17.8
Jasson Domínguez,691176,74.173,6.686,-31.331,-3.952,41.508,19.656,0.144,7.815,L,27.518933781220586,23.566473568166643,3.063355157656203,0.257,0.331,0.388,9.6,26.8
Jasson Domínguez,691176,74.173,6.686,-31.331,-3.952,41.508,19.656,0.144,7.815,R,29.35370414700744,25.288956400855717,-0.5791959499027222,0.257,0.331,0.388,9.6,26.8
Matt Shaw,807713,69.511,11.014,-26.727,-2.085,40.26,18.552,0.137,6.955,R,29.697855760147856,28.24319258207876,1.8919637627949668,0.226,0.295,0.394,8.7,21.5
Bo Naylor,666310,72.42,13.664,-31.952,-8.356,39.192,17.424,0.146,7.766,L,27.20230161471785,31.185444364403622,8.002514067474525,0.195,0.282,0.379,10.9,23.9
Alek Thomas,677950,71.023,10.006,-27.583,0.241,39.36,17.22,0.135,7.029,L,20.509436470069296,26.98160687337392,12.950450903772774,0.249,0.289,0.37,4.5,26.0
Nathan Lukes,664770,67.881,7.244,-31.635,8.283,40.884,18.732,0.13,6.47,L,26.82791115337036,30.67172871033181,-0.5829909117915256,0.255,0.323,0.407,8.7,13.7
Daniel Schneemann,682177,70.818,13.915,-34.888,3.314,40.548,19.68,0.135,7.006,L,29.02105916882145,26.0947119442013,4.784986687254836,0.206,0.283,0.354,9.0,27.7
Brandon Marsh,669016,71.372,9.513,-38.51,-0.492,39.06,18.576,0.137,7.143,L,27.83379768233486,29.380383482360696,-0.3424322903396838,0.28,0.342,0.443,8.9,25.9
Nolan Gorman,669357,72.704,14.917,-34.091,-2.014,41.88,19.512,0.142,7.559,L,31.152988252248612,30.39801354149656,1.936335104209104,0.205,0.296,0.37,11.7,33.8
Carson Kelly,608348,70.541,11.876,-33.148,-4.296,40.692,19.716,0.135,7.008,R,29.92319960676564,29.576360668080955,1.0182266938551094,0.249,0.333,0.428,10.7,19.0
Tyler Freeman,671289,71.173,2.86,-35.522,0.578,39.276,18.432000000000002,0.133,6.932,R,30.482351141474677,28.38926392851208,-0.9105605096764764,0.281,0.354,0.361,7.9,11.9
Isiah Kiner-Falefa,643396,66.459,4.326,-32.453,3.865,39.924,18.204,0.141,6.885,R,29.5368920845228,27.79607656708873,-0.6936909949979437,0.262,0.297,0.334,3.7,16.8
Wilyer Abreu,677800,74.152,9.603,-31.205,-1.477,39.96,18.756,0.131,7.125,L,29.825558752527147,26.57034079922222,1.5407770634582736,0.247,0.317,0.469,9.6,24.2
Max Muncy,571970,71.086,17.692,-34.671,-4.414,37.524,18.204,0.134,6.998,L,26.96724331281649,28.258625493186805,10.69664139757727,0.243,0.376,0.47,16.5,21.4
Nolan Arenado,571448,71.43,10.543,-33.199,-9.011,41.424,20.424,0.161,8.429,R,31.968060264240133,29.30931834158839,2.953002211921194,0.237,0.289,0.377,6.4,11.2
Mickey Moniak,666160,73.701,11.643,-33.581,-4.433,41.22,19.259999999999998,0.142,7.675,L,25.77214032467492,30.78387959378883,3.359453110818757,0.27,0.306,0.518,4.8,23.9
Mike Tauchman,643565,69.066,8.493,-34.212,1.138,42.924,20.004,0.142,7.173,L,33.4156741852709,29.63014101040977,-2.983638416102518,0.263,0.356,0.4,11.7,22.3
Jurickson Profar,595777,70.919,10.875,-30.796,-7.659,40.26,19.488,0.144,7.489,L,32.343230770147976,25.250178153028823,2.350653568204712,0.245,0.353,0.434,12.9,15.9
Jurickson Profar,595777,70.919,10.875,-30.796,-7.659,40.26,19.488,0.144,7.489,R,30.32508271613717,27.115740559280532,3.467167590843399,0.245,0.353,0.434,12.9,15.9
Nick Allen,669397,64.156,6.871,-30.269,0.056,37.284000000000006,17.34,0.134,6.31,R,27.301383619599243,27.06412555158528,4.802493637055838,0.221,0.284,0.251,7.5,23.8
Edgar Quero,700337,67.53,6.047,-31.497,9.329,39.672,18.384,0.136,6.713,L,34.912603424669605,29.722381864950982,-10.629818003647898,0.268,0.333,0.356,7.9,17.6
Edgar Quero,700337,67.53,6.047,-31.497,9.329,39.672,18.384,0.136,6.713,R,32.59357820866725,29.38356560109401,-5.625068418204801,0.268,0.333,0.356,7.9,17.6
Austin Hays,669720,71.923,14.235,-30.792,-5.656,38.652,17.328,0.134,7.057,R,12.5468136183953,28.6007552367805,23.234436989219137,0.266,0.315,0.453,7.0,25.7
Matt Wallner,670242,76.603,12.584,-28.218,-6.294,45.06,21.756,0.132,7.428,L,26.76470001789019,31.355995478505463,10.569006066341611,0.202,0.311,0.464,11.7,29.1
Jordan Walker,691023,78.13,6.219,-31.429,-5.437,45.588,21.72,0.145,8.265,R,23.79623586739364,31.757730041018498,6.269504102845828,0.215,0.278,0.306,7.3,31.8
Javier Báez,595879,73.473,9.964,-30.26,-5.514,41.832,19.692,0.154,8.262,R,19.59803332417594,28.714867981396303,10.185186300631596,0.257,0.282,0.398,2.3,24.9
Luis Robert,673357,75.61,12.126,-36.516,-5.104,45.588,21.168,0.141,7.808,R,31.28882724956889,27.195697144361745,-0.8051525489196156,0.223,0.297,0.364,9.3,26.0
Liam Hicks,689414,67.309,8.983,-32.615,-1.744,40.464,18.864,0.136,6.694,L,27.412931022030605,26.262323091346847,2.687847209631476,0.247,0.346,0.346,11.0,14.4
Wenceel Pérez,672761,70.597,8.018,-29.759,-4.118,38.208,17.64,0.135,6.961,L,24.500213476657088,24.617617324452247,4.037670993966165,0.244,0.308,0.43,8.1,22.7
Wenceel Pérez,672761,70.597,8.018,-29.759,-4.118,38.208,17.64,0.135,6.961,R,27.454692285865328,23.07256220285806,0.1249190370682083,0.244,0.308,0.43,8.1,22.7
Kody Clemens,665019,72.223,12.387,-26.972,-3.055,43.296,20.844,0.138,7.281,L,31.978037921587383,27.58092463327158,1.449167186715575,0.213,0.281,0.434,7.5,24.1
Royce Lewis,668904,73.66,10.795,-28.926,-7.631,42.336,20.352,0.149,8.026,R,24.57075905049238,26.489809009927544,3.991358715035721,0.237,0.283,0.388,6.2,19.9
Chandler Simpson,802415,63.872,3.416,-30.188,7.09,42.168,19.332,0.135,6.295,L,27.213888227775968,31.991942725719287,-6.247654203475065,0.295,0.326,0.345,4.5,9.8
Ramón Urías,602104,70.865,13.732,-27.107,0.343,39.012,18.732,0.148,7.685,R,29.60285438612412,28.40992035573269,-0.3331333100370733,0.241,0.292,0.384,6.9,22.5
José Caballero,676609,68.798,9.919,-31.561,-0.441,37.751999999999995,17.544,0.134,6.757,R,20.985728265357974,23.850348987874085,13.255637977002769,0.236,0.339,0.347,12.7,26.5
Adley Rutschman,668939,70.069,9.425,-34.578,-1.416,41.124,19.524,0.134,6.871,L,26.92129111700008,26.24237293811088,-1.3249907949699653,0.22,0.307,0.366,11.0,15.6
Adley Rutschman,668939,70.069,9.425,-34.578,-1.416,41.124,19.524,0.134,6.871,R,27.333600066333485,26.840230993918706,-0.0967543000854678,0.22,0.307,0.366,11.0,15.6
Colton Cowser,681297,73.524,16.074,-39.142,-3.442,41.028,19.476,0.136,7.295,L,27.582747200135323,28.28420079022947,8.70010581124411,0.196,0.269,0.385,7.5,35.6
Pedro Pagés,686780,72.621,7.111,-30.457,-3.072,39.192,18.708,0.134,7.115,R,27.144136357338763,28.85287375766288,8.875692921905076,0.23,0.272,0.363,4.9,27.5
Ezequiel Tovar,678662,71.553,10.847,-36.042,0.731,39.660000000000004,18.107999999999997,0.144,7.526,R,28.334090079564657,23.868547516584577,0.7861842619866274,0.253,0.294,0.4,5.4,25.1
Kyle Isbel,664728,69.969,2.146,-24.139,-3.702,41.496,19.14,0.138,7.062,L,28.32809441173057,26.129401891445973,2.818537790165242,0.255,0.301,0.353,5.6,18.1
Jared Triolo,669707,71.405,8.49,-37.302,-2.09,44.808,20.88,0.148,7.755,R,29.4444471550434,26.933141036055662,-1.2115473859140695,0.227,0.311,0.356,10.4,20.2
Andrés Giménez,665926,69.327,8.289,-31.394,2.943,40.56,18.384,0.139,7.05,L,26.96116229224,29.342345659402365,2.2260299485065493,0.21,0.285,0.313,6.8,17.9
Jake Mangum,663968,67.273,2.217,-29.254,11.348,40.176,17.94,0.132,6.53,L,26.5426509257116,28.691261780244137,-7.39450795639756,0.296,0.33,0.368,4.4,15.0
Jake Mangum,663968,67.273,2.217,-29.254,11.348,40.176,17.94,0.132,6.53,R,26.27000588819968,28.08192202648341,-0.313214675578161,0.296,0.33,0.368,4.4,15.0
Rhys Hoskins,656555,71.011,16.756,-33.636,-6.923,41.160000000000004,18.972,0.157,8.165,R,31.16125453172973,28.57258811884671,1.3393865251809824,0.237,0.332,0.416,11.6,27.7
Víctor Caratini,605170,72.407,10.824,-35.027,-3.821,40.272,18.396,0.132,6.999,L,30.21185035434237,24.027711462059997,7.437412575175157,0.259,0.324,0.404,6.0,16.8
Víctor Caratini,605170,72.407,10.824,-35.027,-3.821,40.272,18.396,0.132,6.999,R,30.38281560308461,24.507385847952158,5.3550999650869455,0.259,0.324,0.404,6.0,16.8
Brayan Rocchio,677587,69.862,10.783,-28.836,-5.497,37.284000000000006,16.86,0.143,7.307,L,27.24743906031727,22.881693442873395,7.049748872776941,0.233,0.29,0.34,5.7,20.1
Brayan Rocchio,677587,69.862,10.783,-28.836,-5.497,37.284000000000006,16.86,0.143,7.307,R,22.652178867610964,26.153974175101087,11.51143672541414,0.233,0.29,0.34,5.7,20.1
Nick Gonzales,693304,70.549,8.907,-33.193,-0.123,41.903999999999996,19.092,0.146,7.552,R,31.868659714021387,26.946870517912807,-1.9105341936177984,0.26,0.299,0.362,5.1,17.9
Tyler Stephenson,663886,70.167,13.366,-37.523,0.585,39.744,18.468,0.144,7.385,R,27.05047890627569,29.32010171753565,2.1592357494660632,0.231,0.316,0.421,10.8,33.9
Freddy Fermin,666023,69.393,8.774,-34.553,-0.574,39.012,18.084,0.143,7.28,R,29.086512817818928,27.603203898232263,-0.344391213426732,0.251,0.297,0.339,5.5,18.7
Jose Iglesias,578428,68.784,2.629,-33.516,4.193,38.556,16.956,0.131,6.602,R,22.461337643233424,27.2881674030712,2.350923670352937,0.229,0.298,0.294,7.0,16.3
Jacob Young,696285,67.866,5.853,-31.005,4.163,38.688,17.496,0.141,7.014,R,29.78119111764116,31.49307009659709,-3.575240122127717,0.231,0.296,0.287,7.4,17.9
Michael Toglia,669911,72.663,14.845,-35.834,-2.672,45.132000000000005,21.576,0.143,7.588,L,27.128050046108207,30.30146143334122,0.3317397997294967,0.19,0.258,0.353,8.3,39.2
Michael Toglia,669911,72.663,14.845,-35.834,-2.672,45.132000000000005,21.576,0.143,7.588,R,22.091263227406664,30.56727008544185,8.34931361145339,0.19,0.258,0.353,8.3,39.2
Sean Murphy,669221,72.61,12.454,-30.835,-3.966,41.196,19.56,0.148,7.836,R,29.8756918008843,30.97861205446673,0.8301403110619112,0.199,0.3,0.409,10.4,31.2
Ryan Mountcastle,663624,75.304,7.494,-36.05,-1.294,44.088,21.576,0.137,7.549,R,25.58447031535735,31.116298606319315,2.009855335310069,0.25,0.286,0.367,4.2,27.5
Danny Jansen,643376,69.377,14.816,-29.857,-4.772,39.828,18.396,0.135,6.841,R,22.8064455511211,30.23242108169031,12.404198930562282,0.215,0.321,0.399,12.5,25.5
Joey Bart,663698,74.29,8.728,-34.088,-1.229,41.256,18.852,0.134,7.319,R,30.751815717515655,28.644963080829417,2.8647540259069206,0.249,0.355,0.34,12.0,28.0
Mauricio Dubón,643289,67.984,5.498,-29.821,1.08,40.608,19.200000000000003,0.15,7.44,R,26.2014644733314,28.3205770715836,0.668096808635842,0.241,0.289,0.355,6.0,10.6
Jake Meyers,676694,68.316,6.875,-32.405,-2.346,41.196,19.524,0.139,6.942,R,30.61304684387451,30.58346804805202,-0.8810065978007997,0.292,0.354,0.373,8.1,17.6
Jj Bleday,668709,71.732,15.497,-31.631,-11.158,40.032,19.5,0.143,7.514,L,26.91268335396861,31.475951652922458,5.086961174621152,0.212,0.294,0.404,10.5,26.5
Casey Schmitt,669477,71.673,11.387,-35.047,-7.735,40.644,19.008000000000003,0.143,7.512,R,29.34522796671553,23.53795004531952,3.300100941982821,0.237,0.305,0.401,7.8,23.9
Jake Burger,669394,74.685,7.7,-24.934,-4.292,40.068,18.804,0.136,7.441,R,23.68821053855086,31.767621459423093,7.866651625132585,0.236,0.269,0.419,3.2,24.7
Gabriel Moreno,672515,70.925,8.304,-33.782,4.311,39.839999999999996,18.192,0.133,6.925,R,28.19408399752749,26.328778838728415,5.185605910158203,0.285,0.353,0.433,9.4,17.2
Alex Call,669743,65.733,6.898,-33.383,8.536,41.508,20.532,0.135,6.524,R,33.700448109931635,27.38176054402711,-6.215118632499002,0.267,0.361,0.385,11.2,17.1
Tommy Edman,669242,70.261,9.976,-26.642,-1.295,40.248000000000005,18.084,0.134,6.912,L,29.033934618884064,26.399091110616315,0.6421687359485698,0.225,0.274,0.382,5.0,16.2
Tommy Edman,669242,70.261,9.976,-26.642,-1.295,40.248000000000005,18.084,0.134,6.912,R,27.22886458099135,29.226909831154867,2.485010422716324,0.225,0.274,0.382,5.0,16.2
Daylen Lile,695734,69.154,9.197,-37.909,-1.009,41.22,19.056,0.141,7.141,L,28.96948846329644,25.77933420363905,-2.437063252165636,0.299,0.347,0.498,6.0,16.0
Santiago Espinal,669289,68.41,6.734,-34.52,-1.723,41.04,19.404,0.148,7.405,R,36.64130353192501,25.82279638364575,-4.8991747144637054,0.243,0.292,0.282,6.4,11.6
Luis Urías,649966,69.362,11.174,-27.791,-1.993,39.084,18.504,0.147,7.458,R,29.60720633845727,25.9435367251062,0.1016675211541768,0.23,0.315,0.338,9.4,13.6
Jordan Westburg,676059,70.794,10.539,-29.78,-1.528,42.588,19.812,0.13,6.745,R,23.58373431880701,32.359264463448284,7.566638436391935,0.265,0.313,0.457,4.8,22.7
Jorge Soler,624585,74.077,8.415,-33.568,-7.767,44.22,21.012,0.142,7.727,R,28.608753072419407,29.016495534443443,-0.4342445359694979,0.215,0.293,0.387,8.9,29.8
Rowdy Tellez,642133,74.762,8.014,-29.725,-7.607,43.224,19.956,0.146,7.961,L,27.465977142757197,25.950071360746577,7.796770672138014,0.228,0.276,0.443,5.4,26.6
Roman Anthony,701350,75.146,10.639,-30.097,-1.327,43.248000000000005,20.567999999999998,0.134,7.403,L,28.98271159271461,25.388379452563687,7.054215567273852,0.292,0.396,0.463,13.2,27.7
Kyle Higashioka,543309,70.874,12.571,-32.292,-6.811,41.867999999999995,20.016,0.139,7.204,R,30.373518812593662,23.7879178791927,-0.93149932380875,0.241,0.291,0.403,6.1,22.0
Taylor Walls,670764,68.537,10.124,-34.33,4.084,41.604,19.104,0.139,6.984,L,28.25788135988226,26.663269010554934,-3.309034347635807,0.22,0.28,0.319,8.2,22.1
Taylor Walls,670764,68.537,10.124,-34.33,4.084,41.604,19.104,0.139,6.984,R,31.578603378261032,25.00407013285564,-2.8567585683733965,0.22,0.28,0.319,8.2,22.1
Michael Taylor,572191,71.821,13.591,-31.193,1.614,42.744,19.98,0.133,7.02,R,22.47823317760304,30.89144032372616,7.708598186943567,0.2,0.259,0.366,7.1,33.8
Noelvi Marte,682622,73.255,9.737,-30.954,-4.252,41.292,20.004,0.137,7.367,R,26.975682643532892,27.46172690576291,7.665586516569347,0.263,0.3,0.448,4.4,23.6
Pavin Smith,656976,72.038,13.37,-32.75,0.815,41.712,19.451999999999998,0.139,7.355,L,28.9510824459298,28.92321039306246,-0.5544292494960387,0.258,0.362,0.434,14.2,31.9
Starling Marte,516782,72.588,8.606,-35.359,-0.129,42.432,18.9,0.137,7.271,R,18.52624675502325,28.593851271823315,5.450381368681547,0.27,0.335,0.41,6.7,20.7
Brooks Baldwin,681460,70.546,11.182,-29.931,3.027,38.7,18.516,0.137,7.065,L,28.229216128852563,30.2667969109402,1.3143676603454295,0.24,0.29,0.407,6.4,26.2
Brooks Baldwin,681460,70.546,11.182,-29.931,3.027,38.7,18.516,0.137,7.065,R,29.84999377234393,29.42164317377814,-0.3054410299177557,0.24,0.29,0.407,6.4,26.2
Tyrone Taylor,621438,70.292,8.057,-32.313,-8.395,43.2,20.304,0.147,7.546,R,26.695856422560656,25.53125723862316,4.108216147995983,0.223,0.279,0.319,4.7,22.3
Connor Norby,681393,69.341,19.701,-41.441,4.176,39.528,18.948,0.137,6.954,R,26.720077975259507,26.058585783539165,5.55810763718766,0.251,0.3,0.389,5.3,26.7
Romy Gonzalez,663853,74.253,5.965,-27.575,3.626,43.019999999999996,20.88,0.125,6.777,R,28.289141266613907,28.45785278510095,-1.994120448327524,0.305,0.343,0.483,5.3,23.8
Dane Myers,667472,70.946,10.958,-27.139,3.645,43.032,19.68,0.138,7.178,R,31.610630462111537,27.43506549805435,-2.107240974645387,0.235,0.291,0.326,6.9,23.1
Joc Pederson,592626,73.4,9.954,-28.366,-5.95,42.396,20.076,0.141,7.572,L,30.85385492711333,24.61782434474597,-1.1073893150992369,0.181,0.285,0.328,11.1,21.2
Kyle Teel,691019,69.384,11.196,-38.802,4.686,41.916,19.164,0.133,6.748,L,30.25587199987957,28.408768446314166,-1.2815988955865056,0.273,0.375,0.411,12.5,25.9
Giancarlo Stanton,519317,80.671,10.521,-27.941,-4.377,45.263999999999996,21.792,0.149,8.797,R,26.83877909761932,33.792112832219225,-0.9878568816488068,0.273,0.35,0.594,10.3,34.2
Javier Sanoja,691594,68.219,2.203,-20.332,-2.841,40.068,18.240000000000002,0.147,7.334,R,20.96664331953149,27.54496210374401,6.424438400480581,0.243,0.287,0.396,5.6,12.0
Miguel Andújar,609280,71.813,6.364,-25.853,-7.105,40.68,19.428,0.148,7.77,R,28.22407191551565,30.70367393297575,4.5350260779736,0.318,0.352,0.47,5.0,14.4
Ben Williamson,810938,69.634,2.49,-32.922,5.884,42.324,19.344,0.135,6.88,R,27.75749582744264,28.60114311437713,-2.2787827861052565,0.253,0.294,0.31,5.1,21.7
Trey Sweeney,700242,73.586,8.14,-26.601,-3.218,43.848,20.04,0.139,7.517,L,27.606893375766404,26.868086930859043,6.485772622461698,0.196,0.258,0.291,8.0,28.2
Thomas Saggese,695336,69.773,7.705,-37.826,5.615,42.084,19.5,0.135,6.913,R,22.34411127285177,26.442793632172485,4.878448527474572,0.258,0.299,0.342,5.4,28.1
Christopher Morel,666624,75.969,14.924,-27.262,-9.238,43.968,20.16,0.148,8.238,R,27.44265669377901,26.37997579984831,7.01292910842649,0.219,0.289,0.396,8.2,35.7
Mitch Garver,641598,71.843,15.819,-29.423,-8.183,42.156,19.296,0.139,7.316,R,27.00617483178665,27.238643787293807,7.8221925579200065,0.209,0.297,0.343,10.3,27.6
Riley Adams,656180,78.366,8.461,-34.657,-1.038,41.736000000000004,19.38,0.137,7.852,R,28.530582911825164,29.03788605422993,2.1138205181188034,0.186,0.252,0.308,6.3,38.5
Dylan Crews,686611,73.326,6.625,-26.532,-1.465,36.900000000000006,16.152,0.134,7.213,R,29.916504919599205,26.24608490703857,0.5304853851634991,0.208,0.28,0.352,7.5,23.6
Heriberto Hernandez,681715,73.336,15.664,-30.024,-0.949,39.336,17.904,0.144,7.721,R,29.19188577758657,26.884747938614147,3.946921266654407,0.266,0.347,0.438,10.5,26.2
Miguel Rojas,500743,68.04,7.515,-32.074,-4.328,40.116,19.631999999999998,0.142,7.093,R,29.50033304309515,28.67519583353584,5.253234473116461,0.262,0.318,0.397,7.6,14.5
Yoán Moncada,660162,73.41,12.085,-38.247,-5.179,41.328,18.204,0.137,7.346,L,17.844770437383453,26.385394478539524,16.145641895972567,0.234,0.336,0.448,11.1,26.0
Yoán Moncada,660162,73.41,12.085,-38.247,-5.179,41.328,18.204,0.137,7.346,R,17.5251342069614,27.96567340034413,15.614078930438971,0.234,0.336,0.448,11.1,26.0
Coby Mayo,691723,74.763,10.821,-35.583,-16.617,43.224,19.956,0.134,7.321,R,24.70700753379256,27.55990413999364,10.977008565804882,0.217,0.299,0.388,9.2,28.6
Francisco Álvarez,682626,74.067,7.792,-29.908,2.896,39.744,18.408,0.134,7.247,R,25.879262284026773,27.67144633853897,1.1553944259435789,0.256,0.339,0.447,9.7,26.4
Abraham Toro,647351,69.559,11.186,-31.971,-2.815,39.672,19.176000000000002,0.15,7.629,L,29.561481583998194,28.738923442413117,6.250072557937856,0.239,0.289,0.371,4.9,14.8
Abraham Toro,647351,69.559,11.186,-31.971,-2.815,39.672,19.176000000000002,0.15,7.629,R,27.54451373953889,29.11688749797921,7.070256351313052,0.239,0.289,0.371,4.9,14.8
Myles Straw,664702,66.876,6.55,-35.748,3.485,41.46,19.464000000000002,0.139,6.802,R,29.238438959436,25.9331093027413,-3.0294174797390307,0.262,0.313,0.367,6.4,16.7
Kyle Farmer,571657,66.634,12.742,-33.539,-0.916,40.728,19.032,0.14,6.824,R,27.11958776075472,27.503925078955668,5.473567474121139,0.227,0.28,0.365,5.7,22.0
Colson Montgomery,695657,77.113,11.594,-32.883,-8.908,44.112,20.604,0.138,7.81,L,32.24175878979548,28.11649595653569,2.6157821303918536,0.239,0.311,0.529,8.8,29.2
Randal Grichuk,545341,74.108,10.211,-28.373,-6.53,39.336,18.131999999999998,0.142,7.732,R,25.04014457165105,28.45971665859758,7.197767146130542,0.228,0.273,0.401,5.8,20.8
Henry Davis,680779,73.863,8.499,-26.362,-7.369,41.112,20.004,0.135,7.323,R,32.376577836059404,27.67388529970676,-1.9777101444162972,0.167,0.234,0.278,6.4,26.9
Luis Torrens,620443,70.778,9.79,-29.829,6.096,41.160000000000004,18.636,0.139,7.23,R,27.283963081233228,29.94272860884057,-1.8572197445641092,0.226,0.284,0.345,6.7,19.8
Kristian Campbell,692225,73.266,11.266,-34.662,8.084,43.32,21.024,0.126,6.786,R,27.889149760202905,29.69034407172479,1.5860123915394986,0.223,0.319,0.345,11.0,27.4
Jose Trevino,624431,68.888,9.101,-23.302,-2.324,38.364000000000004,17.592,0.143,7.208,R,21.018937643428853,32.476770470570166,9.362598961319268,0.238,0.272,0.351,5.0,12.9
Elías Díaz,553869,72.758,6.198,-29.049,-4.441,38.58,17.448,0.129,6.892,R,26.586479268714616,26.595238269733212,11.670408847584204,0.204,0.27,0.337,7.4,26.1
Blaze Alexander,677942,71.972,8.74,-36.073,4.092,38.916,18.54,0.141,7.421,R,27.65592625387681,28.464314563745035,-3.863261831610546,0.23,0.323,0.383,8.3,32.3
Lamonte Wade,664774,70.004,9.08,-31.825,0.213,38.135999999999996,17.844,0.131,6.718,L,31.52103596502131,23.255114009619447,0.8069245553926774,0.167,0.271,0.254,11.2,24.0
Cole Young,702284,71.302,7.59,-28.055,1.135,39.576,18.708,0.131,6.829,L,24.042289375578303,23.89915063801664,-0.0900990176141354,0.211,0.302,0.305,10.9,18.3
Dominic Canzone,686527,73.105,12.113,-32.105,-2.452,39.144,17.544,0.137,7.325,L,31.648794542942888,28.935974532504492,6.61392567537679,0.3,0.358,0.481,7.4,21.9
Dylan Carlson,666185,68.662,10.713,-36.081,0.826,42.936,19.86,0.137,6.885,L,29.28463678593568,25.20580942707491,-2.379083809831136,0.203,0.278,0.336,8.7,22.4
Dylan Carlson,666185,68.662,10.713,-36.081,0.826,42.936,19.86,0.137,6.885,R,28.25841399655864,25.973518479915857,1.3287180800608738,0.203,0.278,0.336,8.7,22.4
Curtis Mead,678554,73.411,4.778,-32.703,-2.043,42.888,20.088,0.134,7.207,R,33.48495893818493,28.074572937473487,-3.114214571955584,0.233,0.299,0.321,5.7,23.9
Michael Massey,686681,70.109,13.397,-31.452,-6.529,41.688,19.296,0.14,7.207,L,27.063604220769435,27.061773624362296,5.248920501672093,0.244,0.268,0.313,3.2,15.5
Dylan Moore,664238,71.735,7.693,-31.069,-2.419,40.763999999999996,18.419999999999998,0.136,7.149,R,22.523957554635317,30.11800236770193,4.4712151231648685,0.201,0.267,0.374,8.2,33.7
Davis Schneider,676914,71.521,20.624,-33.635,-6.228,37.056,18.012,0.136,7.133,R,31.25283305429637,24.81037480637275,3.3999233858477127,0.234,0.361,0.436,15.9,26.4
Oswald Peraza,672724,73.542,7.538,-26.264,-2.729,39.504,17.951999999999998,0.143,7.723,R,27.65323812511508,29.658096375855678,1.8563900174884,0.164,0.223,0.25,6.4,30.2
Eli White,642201,72.153,9.132,-34.441,2.151,43.968,20.508000000000003,0.136,7.178,R,28.048952837278843,30.45221719040897,0.058978058285992,0.234,0.27,0.406,4.1,25.8
Enrique Hernández,571771,71.159,10.196,-30.045,-3.639,41.292,20.124000000000002,0.145,7.537,R,28.74980506740442,31.091320332651375,3.5766483787803507,0.203,0.255,0.366,7.0,26.6
Daulton Varsho,662139,75.609,12.82,-29.713,-3.566,40.86,18.708,0.142,7.87,L,28.87202227235077,25.99564063678748,-0.8196580863280449,0.238,0.284,0.548,6.3,28.4
Brady House,691781,72.491,8.691,-35.448,3.151,42.816,19.14,0.142,7.531,R,22.40819247172145,27.21146614325867,4.263227878736307,0.234,0.252,0.322,2.9,28.5
Edmundo Sosa,624641,72.3,10.155,-33.844,-2.116,41.088,19.259999999999998,0.153,8.092,R,28.40332760591744,25.94793748451694,0.8208857573630336,0.276,0.307,0.469,3.8,21.5
Anthony Santander,623993,72.148,7.862,-24.14,-9.424,39.756,18.708,0.137,7.235,L,18.905886006212228,26.562415984082868,15.482598201074133,0.175,0.271,0.294,11.3,27.6
Anthony Santander,623993,72.148,7.862,-24.14,-9.424,39.756,18.708,0.137,7.235,R,23.155240977596684,27.461022227848854,5.933655094566383,0.175,0.271,0.294,11.3,27.6
Will Benson,666181,71.785,14.197,-33.506,-4.73,45.684,21.456,0.142,7.473,L,27.05518100165101,31.527043415852617,0.3816569491795051,0.226,0.273,0.435,6.3,26.5
Tyler Fitzgerald,666149,69.002,13.597,-35.196,-4.744,41.064,19.284,0.147,7.405,R,27.633757126265937,25.56442461944297,3.876309234828996,0.217,0.278,0.327,7.0,28.8
Kameron Misner,670224,73.118,12.387,-36.986,-7.464,44.976,20.904,0.146,7.832,L,26.455717461813705,29.01243123629996,8.160342584430053,0.213,0.273,0.345,7.4,31.8
Nick Fortes,663743,71.969,3.434,-19.58,-7.659,38.412,18.084,0.139,7.323,R,30.70821149478757,27.75669609307806,-0.0946234801038588,0.229,0.296,0.349,5.8,19.4
Jake Bauers,641343,76.476,12.104,-34.493,-3.053,43.308,20.088,0.138,7.729,L,29.66590367014131,26.45737299152267,-0.2599115325398912,0.235,0.353,0.399,14.7,27.1
