name,batter,bat_speed,attack_angle,vba,hba,zone_top,zone_bot,ttc,side,batter_depth,batter_distance,contact_depth
Matt Olson,621566,74.04,8.814,-33.881,0.966,3.581,1.715,0.138,L,31.158577819461257,30.52909491143871,1.3481366169518951
Rafael Devers,646240,71.664,10.032,-29.903,4.434,3.481,1.598,0.144,L,22.47486499681841,25.92262103714761,6.071219471437913
Kyle Schwarber,656941,77.327,14.567,-30.312,-5.79,3.307,1.524,0.133,L,21.072391272586664,25.29905975617781,12.35007892327338
Juan Soto,665742,73.581,10.954,-28.122,3.841,3.183,1.544,0.13,L,24.855295862914566,30.25149559747893,-1.6328762851707148
Geraldo Perdomo,672695,68.069,7.242,-35.371,-1.482,3.515,1.627,0.138,L,17.211090045821873,25.47552798985059,6.881733935545002
Geraldo Perdomo,672695,68.069,7.242,-35.371,-1.482,3.515,1.627,0.138,R,22.05052770114312,25.730715021550356,6.0525263348630896
Francisco Lindor,596019,70.951,11.097,-33.848,-1.511,3.427,1.56,0.144,L,26.600932931098185,26.26427945505004,1.903760987141889
Francisco Lindor,596019,70.951,11.097,-33.848,-1.511,3.427,1.56,0.144,R,28.10541804412225,25.448690654043727,2.9804888143166117
James Wood,695578,76.059,11.129,-39.667,1.897,3.887,1.8,0.138,L,30.969662434838785,30.13312259180936,1.7085815559659778
Shohei Ohtani,660271,75.838,15.024,-36.96,-1.988,3.532,1.614,0.143,L,28.985436377625668,31.931798658016543,-1.390236548591936
Cal Raleigh,663728,75.245,17.918,-34.355,-8.391,3.598,1.681,0.143,L,29.33225715063691,24.09279200023609,5.18385464713892
Cal Raleigh,663728,75.245,17.918,-34.355,-8.391,3.598,1.681,0.143,R,26.591533194452385,25.341285192726467,12.410823101248797
Randy Arozarena,668227,72.309,8.681,-25.298,0.37,3.339,1.587,0.141,R,22.57866485908006,24.21268542124735,8.657268445458916
Pete Alonso,624413,75.363,10.214,-33.85,0.874,3.525,1.67,0.128,R,24.397816569211887,27.14281370792842,3.865574349701243
Willy Adames,642715,72.087,18.485,-35.316,-3.953,3.468,1.705,0.154,R,29.106121460433663,28.93962035442951,2.4467897621099906
Steven Kwan,680757,63.579,3.208,-35.591,-2.434,3.164,1.448,0.136,L,22.84309002026496,22.666924784528803,6.95104491111992
Taylor Ward,621493,69.48,9.12,-32.122,-2.909,3.403,1.623,0.139,R,31.65932148209616,25.71715222563784,1.7985823153890803
Brice Turang,668930,70.487,6.857,-31.123,8.45,3.452,1.619,0.132,L,30.597524236436143,26.81307979797676,1.249881149712469
Aaron Judge,592450,77.009,14.081,-38.43,-5.988,4.044,1.844,0.144,R,26.238280036372384,33.09666937729869,4.316419710496247
José Ramírez,608070,71.036,8.804,-29.728,-9.255,3.412,1.576,0.139,L,30.4307381944894,21.780873370015,2.291609515387722
José Ramírez,608070,71.036,8.804,-29.728,-9.255,3.412,1.576,0.139,R,29.698781485197657,24.930905919277205,2.534909785398795
J. P. Crawford,641487,71.028,4.671,-36.018,1.711,3.282,1.545,0.137,L,34.92258681308943,27.636427542271203,1.6859095435081803
Elly De La Cruz,682829,74.538,8.322,-33.662,-0.308,3.599,1.717,0.132,L,28.758181413660903,29.89595212410857,8.453297975799389
Elly De La Cruz,682829,74.538,8.322,-33.662,-0.308,3.599,1.717,0.132,R,29.38721050984588,30.043821131394395,7.026814810188093
Riley Greene,682985,75.667,13.897,-44.586,1.219,3.582,1.697,0.131,L,29.87621971239875,24.652797116024733,2.154543378560306
Ian Happ,664023,71.749,10.392,-32.667,-5.678,3.567,1.636,0.132,L,31.588823690547017,26.11382118229293,2.344163186264378
Ian Happ,664023,71.749,10.392,-32.667,-5.678,3.567,1.636,0.132,R,30.16055401513289,28.233487300438583,3.99290891096183
Seiya Suzuki,673548,73.434,8.155,-31.1,-3.308,3.172,1.408,0.135,R,28.015625624251847,27.831184346335448,6.506246092527962
Manny Machado,592518,74.501,7.612,-26.522,-0.427,3.673,1.666,0.143,R,24.668741287317477,31.08661030275037,6.1417577472112574
Heliot Ramos,671218,74.025,5.978,-31.498,1.514,3.174,1.492,0.126,R,24.93986980993368,27.63509213583179,2.6394429015289806
Fernando Tatís,665487,73.918,8.323,-29.771,0.67,3.772,1.777,0.135,R,26.262590514659344,28.96148895979504,3.606792719561458
Spencer Torkelson,679529,73.12,13.578,-38.03,-8.042,3.571,1.668,0.145,R,32.94405804309665,27.97822733840873,-2.261009823544776
Gleyber Torres,650402,70.217,9.323,-34.082,4.236,3.222,1.506,0.139,R,32.53485634897741,26.39517891889186,-2.1944907587329405
Tj Friedl,670770,69.716,9.195,-28.291,-7.609,3.205,1.493,0.131,L,32.284507730021325,24.36089637445006,8.087572907760084
Marcell Ozuna,542303,72.897,13.938,-36.88,-0.956,3.577,1.765,0.136,R,34.41506070281109,26.101641530061254,-2.0106597763768232
Bryan Reynolds,668804,72.254,13.09,-37.885,1.02,3.235,1.549,0.131,L,26.495074363619267,26.903471289041786,1.7253217281563786
Bryan Reynolds,668804,72.254,13.09,-37.885,1.02,3.235,1.549,0.131,R,30.99910340634437,28.288583196840285,-2.4685438674045934
Jarren Duran,680776,74.849,5.694,-26.533,-0.038,3.491,1.663,0.137,L,28.54725140046869,30.50011775356837,3.164591736287339
Christian Yelich,592885,73.292,9.669,-36.238,7.083,3.397,1.738,0.14,L,27.755401750596143,29.9123471086608,-1.0227894008472458
Eugenio Suárez,553993,72.243,18.465,-38.717,-5.482,3.486,1.588,0.147,R,18.29803545217391,23.07972821551156,17.357411629245505
Nathaniel Lowe,663993,72.709,6.702,-30.105,7.8,3.487,1.576,0.136,L,26.28714598471269,29.976735819516804,1.114349938222685
Brandon Nimmo,607043,72.258,6.679,-29.063,2.073,3.616,1.715,0.136,L,28.26246512340836,31.48681166087718,-1.3790762207977232
Cody Bellinger,641355,70.18,12.954,-32.396,-3.295,3.85,1.797,0.151,L,32.717149303658296,21.03212304600008,-2.6342303190454386
Brent Rooker,667670,73.587,12.316,-36.264,-6.201,3.58,1.697,0.132,R,31.38413223639774,27.216434356785108,1.421471970091913
Vinnie Pasquantino,686469,72.592,9.803,-29.396,-9.362,3.535,1.674,0.139,L,28.61871810985254,31.15024992380272,3.4713707721743
William Contreras,661388,73.236,10.636,-29.256,3.287,3.508,1.671,0.133,R,28.540863058923392,27.95898782692904,1.6681114782964943
Yandy Díaz,650490,73.6,2.914,-24.426,6.998,3.502,1.621,0.142,R,29.340035890577028,28.665182920901312,0.561490283934702
Bobby Witt,677951,74.424,5.19,-28.624,-0.393,3.529,1.643,0.129,R,27.4586412907125,25.22649204350365,0.3399506629422963
Vladimir Guerrero,665489,76.814,1.282,-27.428,-4.622,3.677,1.649,0.136,R,27.83987728190725,28.98723298870009,6.57606136450804
Gunnar Henderson,683002,75.43,8.588,-29.096,0.7,3.692,1.749,0.132,L,26.66754126076994,25.816405320983904,6.75081212924464
Maikel García,672580,71.891,4.571,-27.118,0.493,3.609,1.714,0.138,R,30.507457718233773,25.94260613784594,3.423060496132864
Lawrence Butler,671732,73.732,6.801,-30.464,1.762,3.531,1.66,0.131,L,25.894135567710176,31.233727789957342,2.933872474067319
Julio Rodríguez,677594,76.487,7.021,-31.687,-1.592,3.381,1.538,0.137,R,20.3317842090747,29.705195771201883,11.95696993443958
Christian Walker,572233,74.146,9.064,-29.417,-4.577,3.405,1.568,0.138,R,28.610879775980656,26.295575616510767,2.836130716074497
Corbin Carroll,682998,74.708,11.061,-25.733,-3.404,3.207,1.512,0.133,L,30.66264089100784,29.91106558614071,5.977992253994856
Mike Trout,545361,74.076,7.586,-36.373,0.163,3.612,1.708,0.137,R,29.941576706040227,25.30001234756704,-5.67197849416535
Ryan Mcmahon,641857,73.983,13.054,-38.784,0.966,3.515,1.61,0.137,L,24.003716552332666,32.03037079180328,2.759374273512436
Junior Caminero,691406,78.613,8.016,-26.221,-5.395,3.561,1.632,0.146,R,28.23679998976382,28.63693533218145,7.691020535541662
Dansby Swanson,621020,70.903,15.71,-34.535,-1.543,3.58,1.663,0.143,R,30.46250540269317,27.563863770665204,1.9238120467670232
Trevor Story,596115,71.133,10.592,-29.413,-4.589,3.462,1.608,0.141,R,25.700770144519737,29.912583101465568,9.659274010969256
Mookie Betts,605141,69.003,9.25,-34.595,-5.464,3.227,1.517,0.139,R,25.700730688827704,28.642898316671054,7.496571935723746
Bryson Stott,681082,69.337,7.517,-32.75,2.057,3.359,1.589,0.142,L,26.6200586565468,23.709635993663568,1.595938464584242
Luis Arráez,650333,62.467,5.497,-37.403,4.857,3.281,1.53,0.128,L,34.31262537479633,26.019936146158308,-2.8280356675852505
Jackson Holliday,702616,70.589,8.296,-31.848,5.594,3.389,1.584,0.133,L,25.861615602198786,27.564199662947093,0.3149807572500298
Trea Turner,607208,71.233,8.161,-27.885,-3.125,3.475,1.706,0.145,R,28.879394501781032,28.788701673313344,0.4570044297578024
Ozzie Albies,645277,68.965,12.721,-34.905,-5.309,3.244,1.567,0.143,L,35.25220126607613,23.22029421174746,1.6274301707022194
Ozzie Albies,645277,68.965,12.721,-34.905,-5.309,3.244,1.567,0.143,R,32.9359030563677,17.452103621966323,3.896913213864345
Freddie Freeman,518692,69.831,10.604,-43.05,1.101,3.72,1.796,0.134,L,29.147584754584862,30.3834684143677,-2.1545365148831026
Anthony Volpe,683011,72.622,10.984,-31.536,5.618,3.394,1.595,0.136,R,28.66808613849478,29.201607080443285,-3.653733368378584
Trent Grisham,663757,70.943,16.621,-30.867,1.881,3.612,1.716,0.146,L,33.30819154011998,31.00672799073505,-9.213773167183298
Lars Nootbaar,663457,73.442,9.206,-27.945,-3.09,3.404,1.631,0.128,L,29.121148799097263,27.861521840116744,5.624267362974915
Matt Mclain,680574,69.655,11.469,-32.029,-0.005,3.094,1.369,0.134,R,28.094276599794288,27.05641732269301,4.05964405069179
Jonathan India,663697,71.938,9.075,-28.201,-4.644,3.366,1.553,0.139,R,28.706098821465908,27.947673706899558,1.9691128110137857
Jung Hoo Lee,808982,68.317,5.202,-39.442,-4.636,3.314,1.467,0.15,L,26.682784783039235,21.116963757884022,3.5264058894452552
Wyatt Langford,694671,73.196,16.805,-33.738,-3.192,3.428,1.645,0.131,R,28.844675187150283,27.372052875228945,3.1711557110748343
Jordan Beck,687597,73.202,10.676,-32.765,-3.253,3.617,1.72,0.144,R,17.651456159266406,29.47327953151512,9.97714414650963
José Altuve,514888,69.49,15.37,-28.768,-5.709,2.856,1.29,0.149,R,12.835284157711104,30.1400005439936,17.26780965075162
Miguel Vargas,678246,70.623,11.923,-35.438,-3.015,3.399,1.599,0.147,R,30.588444424348477,28.06749565409232,4.724753688455785
Cj Abrams,682928,72.379,10.851,-27.265,-3.875,3.498,1.574,0.143,L,27.835222635617303,30.03325299345148,3.860022162229317
Andy Pages,681624,72.558,7.844,-40.562,-4.081,3.489,1.612,0.148,R,31.5719354019918,29.81032383078719,-0.2902509530162373
Mike Yastrzemski,573262,71.149,10.96,-30.426,-2.705,3.376,1.595,0.144,L,29.047341378911774,24.682245666936502,1.2349428646838492
Bo Bichette,666182,69.123,4.459,-37.501,1.329,3.7,1.74,0.144,R,27.36635047873597,25.0993177612157,-2.823369931705295
Spencer Steer,668715,70.856,12.434,-28.327,-4.14,3.322,1.556,0.142,R,29.04075955815314,25.626031295355475,3.686685300117862
George Springer,543807,73.711,13.095,-35.15,-0.348,3.576,1.641,0.139,R,26.9817570062644,27.17851120751984,-4.655892967054473
Carlos Correa,621043,73.929,7.757,-33.117,-1.71,3.6,1.72,0.133,R,25.759084728604773,28.79055732913448,2.6965931905183647
Sal Frelick,686217,68.086,8.518,-28.133,-1.674,3.111,1.437,0.143,L,30.92039121089144,27.366609162600565,-3.132216030837683
Nico Hoerner,663538,68.43,5.849,-33.27,-1.857,3.341,1.573,0.143,R,29.75503620124372,27.563434194157757,-2.6303612601817283
Kyle Tucker,663656,72.052,11.645,-33.873,-8.15,3.454,1.61,0.143,L,27.85569555373153,30.200251897809984,0.5137858270369532
Michael Busch,683737,69.556,16.26,-36.716,-1.009,3.296,1.555,0.138,L,30.97619156423464,26.491511118705397,1.5419501064049472
Josh Smith,669701,68.973,8.449,-36.499,-1.635,3.192,1.483,0.133,L,31.76427598257892,27.10464689030448,-0.9892018339644332
Andrew Mccutchen,457705,71.121,14.514,-34.457,-0.744,3.421,1.62,0.147,R,29.808843592091723,28.981477655030293,-4.911471865638706
Pete Crow-Armstrong,691718,72.653,14.594,-34.846,-3.541,3.116,1.465,0.136,L,30.248640860108186,26.61815481270101,5.938052700952581
Salvador Pérez,521692,72.935,12.426,-34.178,-5.319,3.677,1.71,0.147,R,29.5712904498446,27.29221372285295,0.8497416871403711
Gavin Sheets,657757,74.851,8.513,-27.588,-7.733,3.455,1.654,0.141,L,29.25310739721635,29.15615901760824,4.851930975765559
Xavier Edwards,669364,66.564,2.464,-31.125,2.77,3.279,1.484,0.131,L,20.71897528642928,24.458100081537165,6.968773583288007
Xavier Edwards,669364,66.564,2.464,-31.125,2.77,3.279,1.484,0.131,R,17.649110897342364,24.269582759163335,12.516755720104612
Masyn Winn,691026,71.039,5.469,-29.08,-3.677,3.428,1.595,0.143,R,33.57548813337285,23.06399959442486,0.4383700072707899
Oneil Cruz,665833,78.842,9.252,-33.474,-7.449,3.86,1.793,0.135,L,27.828194893611432,26.723138139493678,7.539536801677289
Tyler Soderstrom,691016,74.026,9.723,-30.549,0.996,3.378,1.524,0.138,L,28.7900324995533,31.46359613882218,-0.7874872066157987
Jo Adell,666176,77.627,7.986,-33.815,-5.887,3.626,1.753,0.136,R,26.084040827644387,28.09498859688565,0.0629663795804308
Matt Chapman,656305,75.034,5.603,-25.38,-3.896,3.485,1.656,0.136,R,28.38533746308423,29.81118849470134,-0.9418090921027276
J. T. Realmuto,592663,72.111,12.441,-34.23,0.976,3.665,1.722,0.142,R,31.46159234588772,27.4533394178903,-2.909204818738329
Trevor Larnach,663616,72.211,8.341,-34.043,-10.599,3.793,1.772,0.137,L,28.59709066296012,27.236869728535883,5.657479239770815
Zach Neto,687263,71.379,17.936,-39.041,-5.519,3.278,1.553,0.135,R,18.396315015753824,21.574114493487063,17.91012103611313
Bryce Harper,547180,74.171,11.597,-35.541,-2.246,3.217,1.622,0.135,L,23.55895645995716,29.460070719572844,9.63673889338813
Ryan O'Hearn,656811,71.889,11.418,-33.491,1.342,3.457,1.605,0.135,L,26.051705787192585,29.257733465881543,0.2694821608279683
Jake Cronenworth,630105,70.797,7.24,-31.072,-0.371,3.318,1.549,0.135,L,33.40777987346617,28.303564302458923,-2.8000045664885684
Michael Harris,671739,74.251,6.919,-30.708,-1.01,3.499,1.633,0.148,L,31.00639067128448,28.52695816771252,-0.2196485746585294
Nick Castellanos,592206,70.544,15.08,-39.962,-4.545,3.887,1.876,0.149,R,29.80162778035332,29.03611660351782,0.9842853068451074
Nolan Schanuel,694384,67.457,8.524,-38.462,-0.867,3.576,1.694,0.135,L,30.00445650353474,23.252882729647265,0.7457914565063295
Willson Contreras,575929,75.97,9.453,-32.756,-1.802,3.494,1.622,0.143,R,22.61570570728384,30.312338760464566,5.3276165247128215
Ke'Bryan Hayes,663647,71.175,4.286,-26.453,1.479,3.244,1.506,0.13,R,32.95026918938592,25.850927394011325,1.5721917535693872
Adolis García,666969,72.214,8.777,-28.046,-0.532,3.439,1.663,0.143,R,29.04954147192146,25.173342886382752,2.263169388274959
Hunter Goodman,696100,74.439,13.402,-25.259,-7.258,3.449,1.619,0.133,R,28.678585772690276,29.52527603927106,10.093033401052166
Brandon Lowe,664040,73.908,14.839,-33.492,-2.599,3.249,1.455,0.133,L,27.046270606855398,26.609439933688257,7.051700737967022
Jazz Chisholm,665862,73.903,15.822,-32.912,-6.015,3.712,1.735,0.144,L,30.23551748771398,25.825647370959157,1.403091109489078
Otto Lopez,672640,71.697,7.429,-29.94,-2.354,3.333,1.57,0.129,R,29.305282154620286,28.51782077507989,1.173893723128802
Agustín Ramírez,682663,75.342,7.453,-25.189,-3.213,3.217,1.497,0.136,R,28.26196183147211,30.15480855084501,2.081142921495337
Ceddanne Rafaela,678882,70.913,11.466,-32.601,-1.387,3.516,1.655,0.143,R,30.49056792069948,26.782601397792256,3.0291038515527013
Ketel Marte,606466,74.758,10.168,-31.875,-7.32,3.622,1.704,0.143,L,30.09014684727331,21.848006603028686,6.635637477135112
Ketel Marte,606466,74.758,10.168,-31.875,-7.32,3.622,1.704,0.143,R,30.110043043571192,24.99197946889154,6.737810119749008
Jackson Chourio,694192,73.84,7.114,-26.432,1.507,3.39,1.611,0.139,R,24.74465257629376,30.415434926582137,3.2071228560614378
Cedric Mullins,656775,71.007,11.393,-29.185,-6.222,3.459,1.587,0.145,L,31.76567552936179,24.14733813014905,-3.116323986121444
Teoscar Hernández,606192,72.975,10.315,-31.87,-0.124,3.554,1.659,0.146,R,30.733034242244635,29.887693330099456,-0.2679431379485444
Xander Bogaerts,593428,72.235,10.16,-31.013,-6.981,3.63,1.673,0.139,R,19.703259778146546,29.09519807471681,15.05115640136546
Paul Goldschmidt,502671,72.731,9.75,-31.968,2.155,3.493,1.6,0.142,R,25.89278115021669,34.04792800200249,-4.87371621298421
Josh Bell,605137,73.169,10.065,-33.69,-3.018,3.722,1.757,0.149,L,28.73125385342881,28.728980052757137,-0.9861490695354008
Josh Bell,605137,73.169,10.065,-33.69,-3.018,3.722,1.757,0.149,R,31.95073566628584,27.325227538893017,-4.932132305203731
Marcus Semien,543760,68.434,15.774,-34.774,-3.856,3.356,1.641,0.154,R,28.006150999723317,23.99078964654857,2.4868551304501683
Chase Meidroth,805367,67.335,6.558,-29.345,2.264,3.113,1.476,0.135,R,31.592660338037675,28.231522443556997,-2.4462233990464988
Lenyn Sosa,672820,72.619,10.52,-32.633,0.367,3.354,1.602,0.14,R,30.35734244085724,27.5184197077841,2.36326385984688
Gavin Lux,666158,69.573,11.323,-33.273,2.42,3.294,1.56,0.144,L,33.26724487239679,26.494061280286164,-1.1678640820720771
Byron Buxton,621439,75.089,14.125,-34.047,-6.277,3.45,1.56,0.144,R,23.5645448775555,27.764556111202417,4.675556076565207
Ben Rice,700250,73.479,10.703,-33.257,-6.074,3.703,1.772,0.137,L,30.847992976850605,28.50480558702399,-2.376121700552786
Zach Mckinstry,656716,67.606,9.876,-37.454,1.381,3.333,1.552,0.137,L,27.365093267842045,26.45161206712915,-0.071971935174126
Josh Naylor,647304,70.893,7.467,-31.327,-8.231,3.199,1.51,0.146,L,25.402862591007423,26.58322079323627,-0.0979136033965698
Jorge Polanco,593871,71.139,9.485,-30.489,-10.52,3.333,1.606,0.139,L,26.733312366079037,28.583682055112337,4.855871685019014
Jorge Polanco,593871,71.139,9.485,-30.489,-10.52,3.333,1.606,0.139,R,21.64427368698429,25.53578590014871,12.510793082755256
Kyle Manzardo,700932,70.631,17.392,-37.025,-0.711,3.174,1.367,0.143,L,22.72112659068529,31.399889338266807,10.910463253112836
Cam Smith,701358,74.546,7.58,-38.108,-1.315,3.409,1.573,0.134,R,25.36194597706416,30.346725112388317,4.032137283018136
Michael Conforto,624424,74.155,10.407,-32.116,0.557,3.325,1.558,0.135,L,27.1435209124039,28.26722539190896,0.6016054762462918
Luis Rengifo,650859,69.582,7.249,-33.643,3.693,3.221,1.484,0.138,L,18.716321181310867,26.206997919920315,7.570166541000724
Luis Rengifo,650859,69.582,7.249,-33.643,3.693,3.221,1.484,0.138,R,17.894391905486064,26.75934615443454,9.639543867222072
Brooks Lee,686797,69.524,11.303,-30.895,-4.659,3.358,1.579,0.141,L,26.94533228344404,27.22053410219747,2.03175978348304
Brooks Lee,686797,69.524,11.303,-30.895,-4.659,3.358,1.579,0.141,R,26.14607998111811,29.475611039215725,6.368302630533795
Ramón Laureano,657656,72.176,15.545,-35.138,1.048,3.42,1.581,0.132,R,30.405645282864377,31.591877086188894,2.3724251342452067
Lourdes Gurriel,666971,70.604,10.521,-36.892,-6.059,3.705,1.75,0.145,R,28.76530627137782,26.06059986537395,2.3379806031351893
Alejandro Kirk,672386,72.66,7.957,-24.021,4.258,3.114,1.481,0.135,R,21.64216732450783,31.544532501466307,8.420585143408626
Carlos Santana,467793,71.359,12.849,-26.701,-5.619,3.431,1.676,0.146,L,26.65242485984414,26.75355164044354,8.04525647044181
Carlos Santana,467793,71.359,12.849,-26.701,-5.619,3.431,1.676,0.146,R,28.878802008408464,27.42482514663009,3.700900408973573
Addison Barger,680718,76.006,9.137,-28.827,-5.102,3.705,1.697,0.138,L,33.1970279227107,25.47178742344957,-1.6682471849543925
Nick Kurtz,701762,77.305,14.356,-39.125,1.546,3.715,1.692,0.136,L,23.43214969363939,27.741253815479016,1.3216538580427906
Alex Bregman,608324,71.093,13.58,-28.078,-5.233,3.345,1.597,0.136,R,28.660725447171988,24.777290238904836,3.1446407823101628
Brenton Doyle,686668,70.73,11.487,-30.283,0.634,3.423,1.662,0.139,R,24.078952411815717,29.09176966023826,1.958652859987022
Eric Wagaman,676572,73.459,6.927,-27.92,-2.841,3.52,1.624,0.133,R,25.105128353775772,28.13747382103788,7.225099787299427
Isaac Paredes,670623,68.947,15.534,-32.507,-15.372,3.257,1.565,0.159,R,30.86723797727982,25.83486971045713,6.956554680010887
Jesús Sánchez,660821,75.898,7.146,-27.816,-1.858,3.448,1.613,0.124,L,26.326256282612245,28.42052650929088,8.702681116236123
Harrison Bader,664056,73.597,12.162,-25.411,-5.638,3.207,1.519,0.133,R,27.14547933607261,27.17619643462175,6.406666493231944
Alec Burleson,676475,72.331,10.063,-31.781,0.333,3.506,1.601,0.141,L,33.982866528614856,23.41377616197696,-2.400123646412656
Brendan Donovan,680977,69.274,7.799,-30.341,1.968,3.367,1.626,0.134,L,26.40596676896548,28.4848881140967,-1.519993743726261
Josh Jung,673962,70.301,11.47,-37.668,2.56,3.734,1.753,0.135,R,22.57092205779461,25.01283917565142,9.57849550507322
Shea Langeliers,669127,73.884,11.472,-30.327,-3.217,3.295,1.517,0.133,R,27.166398644325938,29.6705098691198,6.498927366372352
Wilmer Flores,527038,65.53,11.227,-32.143,-6.604,3.242,1.591,0.144,R,27.685613389206804,25.257294474623286,3.697373347309652
Will Smith,669257,69.744,11.664,-33.975,1.004,3.394,1.559,0.142,R,32.91859266016374,28.985881003910304,-1.6564586628538505
Ryan Jeffers,680777,72.364,9.955,-28.574,-3.326,3.348,1.604,0.138,R,28.250531518325843,27.333555054758698,0.8914934496368112
Yainer Diaz,673237,72.202,10.445,-28.275,0.9,3.175,1.483,0.139,R,29.07505260972378,28.29610692459826,3.3356394866286845
Ty France,664034,70.99,10.686,-34.8,5.198,3.222,1.48,0.143,R,28.35483313131073,26.483268358019732,-0.8333114542189566
Joey Ortiz,687401,72.293,1.634,-27.806,-1.559,3.393,1.538,0.142,R,31.94720850254025,28.208363361172847,-2.8554294830723004
Ernie Clement,676391,67.532,11.505,-32.184,-2.977,3.399,1.558,0.143,R,22.62260755311959,28.26591943057837,8.516740652222408
Adam Frazier,624428,65.79,11.231,-39.134,3.285,3.183,1.447,0.143,L,21.11910792609284,22.08754674962072,2.9233234818564946
Josh Lowe,666139,72.472,7.165,-35.879,-0.429,3.728,1.786,0.138,L,24.507882346356517,30.87426250297912,4.690908303548938
Luis García,671277,72.407,10.702,-28.559,-2.556,3.476,1.662,0.14,L,28.15779110958997,28.678959642864587,5.230440300792153
Caleb Durbin,702332,67.746,7.907,-27.493,-3.569,3.265,1.483,0.137,R,32.36441968312631,27.16432263127876,-4.52520074120244
Max Kepler,596146,71.311,7.834,-31.779,-7.045,3.464,1.664,0.141,L,32.40807439666062,30.113633281720844,0.1121373947607663
Carlos Narváez,665966,72.28,9.162,-30.024,2.43,3.575,1.618,0.143,R,25.038900128089264,29.202856399370297,5.604298609743142
Colt Keith,690993,70.82,11.798,-32.923,-2.591,3.315,1.554,0.131,L,22.79209010827282,28.708330077458985,8.701621873599093
Iván Herrera,671056,74.447,8.694,-32.016,-0.563,3.407,1.561,0.144,R,31.871211708510927,27.455339550214397,-0.367867370097973
Alec Bohm,664761,71.739,5.367,-29.804,4.391,3.607,1.658,0.139,R,25.706436136354064,29.67344053738828,0.9055346884932328
Dillon Dingler,693307,71.719,10.829,-39.776,-0.396,3.44,1.546,0.147,R,25.6224252109902,28.35203661687062,2.15563062988572
Angel Martínez,682657,69.931,12.083,-33.666,-6.674,3.232,1.443,0.144,L,30.673925253340165,25.20716230261917,5.737862626544947
Angel Martínez,682657,69.931,12.083,-33.666,-6.674,3.232,1.443,0.144,R,30.58896156293129,22.814860224098283,9.064940523563306
Austin Wells,669224,73.445,10.451,-31.873,-5.628,3.497,1.62,0.141,L,30.772296024679427,23.643682090887676,-0.2228123024011126
Austin Riley,663586,75.907,10.858,-32.184,-4.496,3.483,1.603,0.136,R,28.838573911422014,28.165670801381697,6.746037709035644
Gabriel Arias,672356,75.12,9.769,-29.1,1.117,3.497,1.554,0.139,R,29.14403055512306,35.60733784624777,5.266487707361552
Isaac Collins,686555,72.649,3.968,-28.846,-2.026,3.264,1.543,0.125,L,30.46952421484889,29.972356880326146,-0.144355130390942
Isaac Collins,686555,72.649,3.968,-28.846,-2.026,3.264,1.543,0.125,R,29.34187065231952,30.13646018234648,6.503519083317229
Jeremy Peña,665161,72.34,10.938,-30.439,-8.278,3.546,1.717,0.143,R,30.18363093801783,26.22758012294659,1.8453379600671924
Mark Vientos,668901,71.302,14.588,-31.875,1.141,3.634,1.674,0.145,R,26.61667581841083,28.766284419607533,1.5149921010933984
Ronald Acuña,660670,76.414,11.874,-38.713,6.162,3.608,1.639,0.136,R,31.270136391804524,25.480626678605617,-1.0701375459309217
Logan O'Hoppe,681351,71.971,15.692,-32.949,-3.655,3.446,1.623,0.145,R,27.544270363390496,28.64818029772024,6.059931446725113
Brett Baty,683146,74.825,8.434,-35.451,3.771,3.722,1.713,0.134,L,30.040455213294265,30.264337954601505,-3.3811228331677547
Drake Baldwin,686948,75.371,9.43,-31.697,3.049,3.394,1.592,0.13,L,26.57317315684882,28.2161268112298,2.146328564490961
Willi Castro,650489,71.587,7.647,-37.157,-3.413,3.611,1.681,0.138,L,31.91751987581147,23.1205416483227,-2.3512938921170417
Willi Castro,650489,71.587,7.647,-37.157,-3.413,3.611,1.681,0.138,R,31.81817975232885,27.47472725769623,-0.0402166377499302
Jacob Wilson,805779,63.79,2.774,-35.133,-0.963,3.203,1.529,0.131,R,28.54904772116285,25.66990301496724,2.0390035078842144
Kerry Carpenter,681481,71.97,17.131,-34.874,-0.555,3.395,1.606,0.142,L,32.39884066892954,29.1078852614117,-6.658683298361614
Jeff Mcneil,643446,70.75,8.621,-33.067,-4.921,3.579,1.703,0.141,L,30.85904741000371,24.840482699991718,-0.9155952396050532
Jonathan Aranda,666018,70.488,10.198,-35.575,3.663,3.355,1.564,0.141,L,27.232112682489323,29.27360668622968,0.0903544848924921
Andrew Benintendi,643217,68.717,15.816,-32.482,-5.044,3.282,1.51,0.141,L,30.880119516124555,22.41238739937245,4.366788823539619
Patrick Bailey,672275,71.478,8.452,-32.875,-3.341,3.418,1.632,0.139,L,27.704060258929097,28.82722936283252,3.1558895619168013
Patrick Bailey,672275,71.478,8.452,-32.875,-3.341,3.418,1.632,0.139,R,27.026596642723984,28.40090475223508,1.995234603295544
Kyle Stowers,669065,75.0,11.566,-33.884,0.383,3.558,1.703,0.122,L,29.60861437119733,29.310556791584723,1.8863901192779544
Andrew Vaughn,683734,70.68,7.819,-29.426,-1.872,3.257,1.528,0.14,R,31.641726669780887,29.095871281089337,-2.145904904019269
Tommy Pham,502054,73.456,8.248,-27.366,-1.065,3.495,1.63,0.131,R,31.43017612554663,28.458180314978744,1.240696691386669
Jackson Merrill,701538,71.974,9.816,-37.49,1.04,3.561,1.647,0.141,L,24.61263755289271,28.722995163702,2.815747973499722
Corey Seager,608369,72.576,12.873,-34.236,3.462,3.481,1.509,0.126,L,26.48919703432885,29.05421121083488,5.5005449640197694
Jonah Heim,641680,68.981,11.023,-28.601,0.405,3.586,1.662,0.149,L,29.357531183379223,30.657446813610346,-0.0866950620899317
Jonah Heim,641680,68.981,11.023,-28.601,0.405,3.586,1.662,0.149,R,28.678105917497103,31.34586887461642,-2.6155670567477016
Victor Scott,687363,67.838,8.941,-32.238,-0.584,3.186,1.454,0.128,L,23.449514995398246,24.0829659744687,8.319320098974734
Nolan Jones,666134,72.689,8.818,-35.455,-0.011,3.746,1.718,0.129,L,27.083962384629984,27.327724313531174,5.623275902667617
Spencer Horwitz,687462,68.461,9.885,-35.853,-1.75,3.584,1.675,0.139,L,29.4263212564284,25.22851119330176,0.6019476016559994
Jasson Domínguez,691176,74.173,6.686,-31.331,-3.952,3.459,1.638,0.144,L,27.518933781220586,23.566473568166643,3.063355157656203
Jasson Domínguez,691176,74.173,6.686,-31.331,-3.952,3.459,1.638,0.144,R,29.35370414700744,25.288956400855717,-0.5791959499027222
Matt Shaw,807713,69.511,11.014,-26.727,-2.085,3.355,1.546,0.137,R,29.697855760147856,28.24319258207876,1.8919637627949668
Bo Naylor,666310,72.42,13.664,-31.952,-8.356,3.266,1.452,0.146,L,27.20230161471785,31.185444364403622,8.002514067474525
Alek Thomas,677950,71.023,10.006,-27.583,0.241,3.28,1.435,0.135,L,20.509436470069296,26.98160687337392,12.950450903772774
Nathan Lukes,664770,67.881,7.244,-31.635,8.283,3.407,1.561,0.13,L,26.82791115337036,30.67172871033181,-0.5829909117915256
Daniel Schneemann,682177,70.818,13.915,-34.888,3.314,3.379,1.64,0.135,L,29.02105916882145,26.0947119442013,4.784986687254836
Brandon Marsh,669016,71.372,9.513,-38.51,-0.492,3.255,1.548,0.137,L,27.83379768233486,29.380383482360696,-0.3424322903396838
Nolan Gorman,669357,72.704,14.917,-34.091,-2.014,3.49,1.626,0.142,L,31.152988252248612,30.39801354149656,1.936335104209104
Carson Kelly,608348,70.541,11.876,-33.148,-4.296,3.391,1.643,0.135,R,29.92319960676564,29.576360668080955,1.0182266938551094
Tyler Freeman,671289,71.173,2.86,-35.522,0.578,3.273,1.536,0.133,R,30.482351141474677,28.38926392851208,-0.9105605096764764
Isiah Kiner-Falefa,643396,66.459,4.326,-32.453,3.865,3.327,1.517,0.141,R,29.5368920845228,27.79607656708873,-0.6936909949979437
Wilyer Abreu,677800,74.152,9.603,-31.205,-1.477,3.33,1.563,0.131,L,29.825558752527147,26.57034079922222,1.5407770634582736
Max Muncy,571970,71.086,17.692,-34.671,-4.414,3.127,1.517,0.134,L,26.96724331281649,28.258625493186805,10.69664139757727
Nolan Arenado,571448,71.43,10.543,-33.199,-9.011,3.452,1.702,0.161,R,31.968060264240133,29.30931834158839,2.953002211921194
Mickey Moniak,666160,73.701,11.643,-33.581,-4.433,3.435,1.605,0.142,L,25.77214032467492,30.78387959378883,3.359453110818757
Mike Tauchman,643565,69.066,8.493,-34.212,1.138,3.577,1.667,0.142,L,33.4156741852709,29.63014101040977,-2.983638416102518
Jurickson Profar,595777,70.919,10.875,-30.796,-7.659,3.355,1.624,0.144,L,32.343230770147976,25.250178153028823,2.350653568204712
Jurickson Profar,595777,70.919,10.875,-30.796,-7.659,3.355,1.624,0.144,R,30.32508271613717,27.115740559280532,3.467167590843399
Nick Allen,669397,64.156,6.871,-30.269,0.056,3.107,1.445,0.134,R,27.301383619599243,27.06412555158528,4.802493637055838
Edgar Quero,700337,67.53,6.047,-31.497,9.329,3.306,1.532,0.136,L,34.912603424669605,29.722381864950982,-10.629818003647898
Edgar Quero,700337,67.53,6.047,-31.497,9.329,3.306,1.532,0.136,R,32.59357820866725,29.38356560109401,-5.625068418204801
Austin Hays,669720,71.923,14.235,-30.792,-5.656,3.221,1.444,0.134,R,12.5468136183953,28.6007552367805,23.234436989219137
Matt Wallner,670242,76.603,12.584,-28.218,-6.294,3.755,1.813,0.132,L,26.76470001789019,31.355995478505463,10.569006066341611
Jordan Walker,691023,78.13,6.219,-31.429,-5.437,3.799,1.81,0.145,R,23.79623586739364,31.757730041018498,6.269504102845828
Javier Báez,595879,73.473,9.964,-30.26,-5.514,3.486,1.641,0.154,R,19.59803332417594,28.714867981396303,10.185186300631596
Luis Robert,673357,75.61,12.126,-36.516,-5.104,3.799,1.764,0.141,R,31.28882724956889,27.195697144361745,-0.8051525489196156
Liam Hicks,689414,67.309,8.983,-32.615,-1.744,3.372,1.572,0.136,L,27.412931022030605,26.262323091346847,2.687847209631476
Wenceel Pérez,672761,70.597,8.018,-29.759,-4.118,3.184,1.47,0.135,L,24.500213476657088,24.617617324452247,4.037670993966165
Wenceel Pérez,672761,70.597,8.018,-29.759,-4.118,3.184,1.47,0.135,R,27.454692285865328,23.07256220285806,0.1249190370682083
Kody Clemens,665019,72.223,12.387,-26.972,-3.055,3.608,1.737,0.138,L,31.978037921587383,27.58092463327158,1.449167186715575
Royce Lewis,668904,73.66,10.795,-28.926,-7.631,3.528,1.696,0.149,R,24.57075905049238,26.489809009927544,3.991358715035721
Chandler Simpson,802415,63.872,3.416,-30.188,7.09,3.514,1.611,0.135,L,27.213888227775968,31.991942725719287,-6.247654203475065
Ramón Urías,602104,70.865,13.732,-27.107,0.343,3.251,1.561,0.148,R,29.60285438612412,28.40992035573269,-0.3331333100370733
José Caballero,676609,68.798,9.919,-31.561,-0.441,3.146,1.462,0.134,R,20.985728265357974,23.850348987874085,13.255637977002769
Adley Rutschman,668939,70.069,9.425,-34.578,-1.416,3.427,1.627,0.134,L,26.92129111700008,26.24237293811088,-1.3249907949699653
Adley Rutschman,668939,70.069,9.425,-34.578,-1.416,3.427,1.627,0.134,R,27.333600066333485,26.840230993918706,-0.0967543000854678
Colton Cowser,681297,73.524,16.074,-39.142,-3.442,3.419,1.623,0.136,L,27.582747200135323,28.28420079022947,8.70010581124411
Pedro Pagés,686780,72.621,7.111,-30.457,-3.072,3.266,1.559,0.134,R,27.144136357338763,28.85287375766288,8.875692921905076
Ezequiel Tovar,678662,71.553,10.847,-36.042,0.731,3.305,1.509,0.144,R,28.334090079564657,23.868547516584577,0.7861842619866274
Kyle Isbel,664728,69.969,2.146,-24.139,-3.702,3.458,1.595,0.138,L,28.32809441173057,26.129401891445973,2.818537790165242
Jared Triolo,669707,71.405,8.49,-37.302,-2.09,3.734,1.74,0.148,R,29.4444471550434,26.933141036055662,-1.2115473859140695
Andrés Giménez,665926,69.327,8.289,-31.394,2.943,3.38,1.532,0.139,L,26.96116229224,29.342345659402365,2.2260299485065493
Jake Mangum,663968,67.273,2.217,-29.254,11.348,3.348,1.495,0.132,L,26.5426509257116,28.691261780244137,-7.39450795639756
Jake Mangum,663968,67.273,2.217,-29.254,11.348,3.348,1.495,0.132,R,26.27000588819968,28.08192202648341,-0.313214675578161
Rhys Hoskins,656555,71.011,16.756,-33.636,-6.923,3.43,1.581,0.157,R,31.16125453172973,28.57258811884671,1.3393865251809824
Víctor Caratini,605170,72.407,10.824,-35.027,-3.821,3.356,1.533,0.132,L,30.21185035434237,24.027711462059997,7.437412575175157
Víctor Caratini,605170,72.407,10.824,-35.027,-3.821,3.356,1.533,0.132,R,30.38281560308461,24.507385847952158,5.3550999650869455
Brayan Rocchio,677587,69.862,10.783,-28.836,-5.497,3.107,1.405,0.143,L,27.24743906031727,22.881693442873395,7.049748872776941
Brayan Rocchio,677587,69.862,10.783,-28.836,-5.497,3.107,1.405,0.143,R,22.652178867610964,26.153974175101087,11.51143672541414
Nick Gonzales,693304,70.549,8.907,-33.193,-0.123,3.492,1.591,0.146,R,31.868659714021387,26.946870517912807,-1.9105341936177984
Tyler Stephenson,663886,70.167,13.366,-37.523,0.585,3.312,1.539,0.144,R,27.05047890627569,29.32010171753565,2.1592357494660632
Freddy Fermin,666023,69.393,8.774,-34.553,-0.574,3.251,1.507,0.143,R,29.086512817818928,27.603203898232263,-0.344391213426732
Jose Iglesias,578428,68.784,2.629,-33.516,4.193,3.213,1.413,0.131,R,22.461337643233424,27.2881674030712,2.350923670352937
Jacob Young,696285,67.866,5.853,-31.005,4.163,3.224,1.458,0.141,R,29.78119111764116,31.49307009659709,-3.575240122127717
Michael Toglia,669911,72.663,14.845,-35.834,-2.672,3.761,1.798,0.143,L,27.128050046108207,30.30146143334122,0.3317397997294967
Michael Toglia,669911,72.663,14.845,-35.834,-2.672,3.761,1.798,0.143,R,22.091263227406664,30.56727008544185,8.34931361145339
Sean Murphy,669221,72.61,12.454,-30.835,-3.966,3.433,1.63,0.148,R,29.8756918008843,30.97861205446673,0.8301403110619112
Ryan Mountcastle,663624,75.304,7.494,-36.05,-1.294,3.674,1.798,0.137,R,25.58447031535735,31.116298606319315,2.009855335310069
Danny Jansen,643376,69.377,14.816,-29.857,-4.772,3.319,1.533,0.135,R,22.8064455511211,30.23242108169031,12.404198930562282
Joey Bart,663698,74.29,8.728,-34.088,-1.229,3.438,1.571,0.134,R,30.751815717515655,28.644963080829417,2.8647540259069206
Mauricio Dubón,643289,67.984,5.498,-29.821,1.08,3.384,1.6,0.15,R,26.2014644733314,28.3205770715836,0.668096808635842
Jake Meyers,676694,68.316,6.875,-32.405,-2.346,3.433,1.627,0.139,R,30.61304684387451,30.58346804805202,-0.8810065978007997
Jj Bleday,668709,71.732,15.497,-31.631,-11.158,3.336,1.625,0.143,L,26.91268335396861,31.475951652922458,5.086961174621152
Casey Schmitt,669477,71.673,11.387,-35.047,-7.735,3.387,1.584,0.143,R,29.34522796671553,23.53795004531952,3.300100941982821
Jake Burger,669394,74.685,7.7,-24.934,-4.292,3.339,1.567,0.136,R,23.68821053855086,31.767621459423093,7.866651625132585
Gabriel Moreno,672515,70.925,8.304,-33.782,4.311,3.32,1.516,0.133,R,28.19408399752749,26.328778838728415,5.185605910158203
Alex Call,669743,65.733,6.898,-33.383,8.536,3.459,1.711,0.135,R,33.700448109931635,27.38176054402711,-6.215118632499002
Tommy Edman,669242,70.261,9.976,-26.642,-1.295,3.354,1.507,0.134,L,29.033934618884064,26.399091110616315,0.6421687359485698
Tommy Edman,669242,70.261,9.976,-26.642,-1.295,3.354,1.507,0.134,R,27.22886458099135,29.226909831154867,2.485010422716324
Daylen Lile,695734,69.154,9.197,-37.909,-1.009,3.435,1.588,0.141,L,28.96948846329644,25.77933420363905,-2.437063252165636
Santiago Espinal,669289,68.41,6.734,-34.52,-1.723,3.42,1.617,0.148,R,36.64130353192501,25.82279638364575,-4.8991747144637054
Luis Urías,649966,69.362,11.174,-27.791,-1.993,3.257,1.542,0.147,R,29.60720633845727,25.9435367251062,0.1016675211541768
Jordan Westburg,676059,70.794,10.539,-29.78,-1.528,3.549,1.651,0.13,R,23.58373431880701,32.359264463448284,7.566638436391935
Jorge Soler,624585,74.077,8.415,-33.568,-7.767,3.685,1.751,0.142,R,28.608753072419407,29.016495534443443,-0.4342445359694979
Rowdy Tellez,642133,74.762,8.014,-29.725,-7.607,3.602,1.663,0.146,L,27.465977142757197,25.950071360746577,7.796770672138014
Roman Anthony,701350,75.146,10.639,-30.097,-1.327,3.604,1.714,0.134,L,28.98271159271461,25.388379452563687,7.054215567273852
Kyle Higashioka,543309,70.874,12.571,-32.292,-6.811,3.489,1.668,0.139,R,30.373518812593662,23.7879178791927,-0.93149932380875
Taylor Walls,670764,68.537,10.124,-34.33,4.084,3.467,1.592,0.139,L,28.25788135988226,26.663269010554934,-3.309034347635807
Taylor Walls,670764,68.537,10.124,-34.33,4.084,3.467,1.592,0.139,R,31.578603378261032,25.00407013285564,-2.8567585683733965
Michael Taylor,572191,71.821,13.591,-31.193,1.614,3.562,1.665,0.133,R,22.47823317760304,30.89144032372616,7.708598186943567
Noelvi Marte,682622,73.255,9.737,-30.954,-4.252,3.441,1.667,0.137,R,26.975682643532892,27.46172690576291,7.665586516569347
Pavin Smith,656976,72.038,13.37,-32.75,0.815,3.476,1.621,0.139,L,28.9510824459298,28.92321039306246,-0.5544292494960387
Starling Marte,516782,72.588,8.606,-35.359,-0.129,3.536,1.575,0.137,R,18.52624675502325,28.593851271823315,5.450381368681547
Brooks Baldwin,681460,70.546,11.182,-29.931,3.027,3.225,1.543,0.137,L,28.229216128852563,30.2667969109402,1.3143676603454295
Brooks Baldwin,681460,70.546,11.182,-29.931,3.027,3.225,1.543,0.137,R,29.84999377234393,29.42164317377814,-0.3054410299177557
Tyrone Taylor,621438,70.292,8.057,-32.313,-8.395,3.6,1.692,0.147,R,26.695856422560656,25.53125723862316,4.108216147995983
Connor Norby,681393,69.341,19.701,-41.441,4.176,3.294,1.579,0.137,R,26.720077975259507,26.058585783539165,5.55810763718766
Romy Gonzalez,663853,74.253,5.965,-27.575,3.626,3.585,1.74,0.125,R,28.289141266613907,28.45785278510095,-1.994120448327524
Dane Myers,667472,70.946,10.958,-27.139,3.645,3.586,1.64,0.138,R,31.610630462111537,27.43506549805435,-2.107240974645387
Joc Pederson,592626,73.4,9.954,-28.366,-5.95,3.533,1.673,0.141,L,30.85385492711333,24.61782434474597,-1.1073893150992369
Kyle Teel,691019,69.384,11.196,-38.802,4.686,3.493,1.597,0.133,L,30.25587199987957,28.408768446314166,-1.2815988955865056
Giancarlo Stanton,519317,80.671,10.521,-27.941,-4.377,3.772,1.816,0.149,R,26.83877909761932,33.792112832219225,-0.9878568816488068
Javier Sanoja,691594,68.219,2.203,-20.332,-2.841,3.339,1.52,0.147,R,20.96664331953149,27.54496210374401,6.424438400480581
Miguel Andújar,609280,71.813,6.364,-25.853,-7.105,3.39,1.619,0.148,R,28.22407191551565,30.70367393297575,4.5350260779736
Ben Williamson,810938,69.634,2.49,-32.922,5.884,3.527,1.612,0.135,R,27.75749582744264,28.60114311437713,-2.2787827861052565
Trey Sweeney,700242,73.586,8.14,-26.601,-3.218,3.654,1.67,0.139,L,27.606893375766404,26.868086930859043,6.485772622461698
Thomas Saggese,695336,69.773,7.705,-37.826,5.615,3.507,1.625,0.135,R,22.34411127285177,26.442793632172485,4.878448527474572
Christopher Morel,666624,75.969,14.924,-27.262,-9.238,3.664,1.68,0.148,R,27.44265669377901,26.37997579984831,7.01292910842649
Mitch Garver,641598,71.843,15.819,-29.423,-8.183,3.513,1.608,0.139,R,27.00617483178665,27.238643787293807,7.8221925579200065
Riley Adams,656180,78.366,8.461,-34.657,-1.038,3.478,1.615,0.137,R,28.530582911825164,29.03788605422993,2.1138205181188034
Dylan Crews,686611,73.326,6.625,-26.532,-1.465,3.075,1.346,0.134,R,29.916504919599205,26.24608490703857,0.5304853851634991
Heriberto Hernandez,681715,73.336,15.664,-30.024,-0.949,3.278,1.492,0.144,R,29.19188577758657,26.884747938614147,3.946921266654407
Miguel Rojas,500743,68.04,7.515,-32.074,-4.328,3.343,1.636,0.142,R,29.50033304309515,28.67519583353584,5.253234473116461
Yoán Moncada,660162,73.41,12.085,-38.247,-5.179,3.444,1.517,0.137,L,17.844770437383453,26.385394478539524,16.145641895972567
Yoán Moncada,660162,73.41,12.085,-38.247,-5.179,3.444,1.517,0.137,R,17.5251342069614,27.96567340034413,15.614078930438971
Coby Mayo,691723,74.763,10.821,-35.583,-16.617,3.602,1.663,0.134,R,24.70700753379256,27.55990413999364,10.977008565804882
Francisco Álvarez,682626,74.067,7.792,-29.908,2.896,3.312,1.534,0.134,R,25.879262284026773,27.67144633853897,1.1553944259435789
Abraham Toro,647351,69.559,11.186,-31.971,-2.815,3.306,1.598,0.15,L,29.561481583998194,28.738923442413117,6.250072557937856
Abraham Toro,647351,69.559,11.186,-31.971,-2.815,3.306,1.598,0.15,R,27.54451373953889,29.11688749797921,7.070256351313052
Myles Straw,664702,66.876,6.55,-35.748,3.485,3.455,1.622,0.139,R,29.238438959436,25.9331093027413,-3.0294174797390307
Kyle Farmer,571657,66.634,12.742,-33.539,-0.916,3.394,1.586,0.14,R,27.11958776075472,27.503925078955668,5.473567474121139
Colson Montgomery,695657,77.113,11.594,-32.883,-8.908,3.676,1.717,0.138,L,32.24175878979548,28.11649595653569,2.6157821303918536
Randal Grichuk,545341,74.108,10.211,-28.373,-6.53,3.278,1.511,0.142,R,25.04014457165105,28.45971665859758,7.197767146130542
Henry Davis,680779,73.863,8.499,-26.362,-7.369,3.426,1.667,0.135,R,32.376577836059404,27.67388529970676,-1.9777101444162972
Luis Torrens,620443,70.778,9.79,-29.829,6.096,3.43,1.553,0.139,R,27.283963081233228,29.94272860884057,-1.8572197445641092
Kristian Campbell,692225,73.266,11.266,-34.662,8.084,3.61,1.752,0.126,R,27.889149760202905,29.69034407172479,1.5860123915394986
Jose Trevino,624431,68.888,9.101,-23.302,-2.324,3.197,1.466,0.143,R,21.018937643428853,32.476770470570166,9.362598961319268
Elías Díaz,553869,72.758,6.198,-29.049,-4.441,3.215,1.454,0.129,R,26.586479268714616,26.595238269733212,11.670408847584204
Blaze Alexander,677942,71.972,8.74,-36.073,4.092,3.243,1.545,0.141,R,27.65592625387681,28.464314563745035,-3.863261831610546
Lamonte Wade,664774,70.004,9.08,-31.825,0.213,3.178,1.487,0.131,L,31.52103596502131,23.255114009619447,0.8069245553926774
Cole Young,702284,71.302,7.59,-28.055,1.135,3.298,1.559,0.131,L,24.042289375578303,23.89915063801664,-0.0900990176141354
Dominic Canzone,686527,73.105,12.113,-32.105,-2.452,3.262,1.462,0.137,L,31.648794542942888,28.935974532504492,6.61392567537679
Dylan Carlson,666185,68.662,10.713,-36.081,0.826,3.578,1.655,0.137,L,29.28463678593568,25.20580942707491,-2.379083809831136
Dylan Carlson,666185,68.662,10.713,-36.081,0.826,3.578,1.655,0.137,R,28.25841399655864,25.973518479915857,1.3287180800608738
Curtis Mead,678554,73.411,4.778,-32.703,-2.043,3.574,1.674,0.134,R,33.48495893818493,28.074572937473487,-3.114214571955584
Michael Massey,686681,70.109,13.397,-31.452,-6.529,3.474,1.608,0.14,L,27.063604220769435,27.061773624362296,5.248920501672093
Dylan Moore,664238,71.735,7.693,-31.069,-2.419,3.397,1.535,0.136,R,22.523957554635317,30.11800236770193,4.4712151231648685
Davis Schneider,676914,71.521,20.624,-33.635,-6.228,3.088,1.501,0.136,R,31.25283305429637,24.81037480637275,3.3999233858477127
Oswald Peraza,672724,73.542,7.538,-26.264,-2.729,3.292,1.496,0.143,R,27.65323812511508,29.658096375855678,1.8563900174884
Eli White,642201,72.153,9.132,-34.441,2.151,3.664,1.709,0.136,R,28.048952837278843,30.45221719040897,0.058978058285992
Enrique Hernández,571771,71.159,10.196,-30.045,-3.639,3.441,1.677,0.145,R,28.74980506740442,31.091320332651375,3.5766483787803507
Daulton Varsho,662139,75.609,12.82,-29.713,-3.566,3.405,1.559,0.142,L,28.87202227235077,25.99564063678748,-0.8196580863280449
Brady House,691781,72.491,8.691,-35.448,3.151,3.568,1.595,0.142,R,22.40819247172145,27.21146614325867,4.263227878736307
Edmundo Sosa,624641,72.3,10.155,-33.844,-2.116,3.424,1.605,0.153,R,28.40332760591744,25.94793748451694,0.8208857573630336
Anthony Santander,623993,72.148,7.862,-24.14,-9.424,3.313,1.559,0.137,L,18.905886006212228,26.562415984082868,15.482598201074133
Anthony Santander,623993,72.148,7.862,-24.14,-9.424,3.313,1.559,0.137,R,23.155240977596684,27.461022227848854,5.933655094566383
Will Benson,666181,71.785,14.197,-33.506,-4.73,3.807,1.788,0.142,L,27.05518100165101,31.527043415852617,0.3816569491795051
Tyler Fitzgerald,666149,69.002,13.597,-35.196,-4.744,3.422,1.607,0.147,R,27.633757126265937,25.56442461944297,3.876309234828996
Kameron Misner,670224,73.118,12.387,-36.986,-7.464,3.748,1.742,0.146,L,26.455717461813705,29.01243123629996,8.160342584430053
Nick Fortes,663743,71.969,3.434,-19.58,-7.659,3.201,1.507,0.139,R,30.70821149478757,27.75669609307806,-0.0946234801038588
Jake Bauers,641343,76.476,12.104,-34.493,-3.053,3.609,1.674,0.138,L,29.66590367014131,26.45737299152267,-0.2599115325398912
